Market Regime,Pattern Key,Regime Samples,Regime Weighted Samples,Regime Win Probability,Updated
UPTREND,UPTREND|BOTTOM_WATCH|SKIP|RSI_WEAK|RS_BAD|VOL_LOW|ATR_OK|BELOW_MA20,69,27.62,74.65,2026-05-01 14:40:08
UPTREND,UPTREND|MOMENTUM|WAIT|RSI_HIGH|RS_STRONG|VOL_STRONG|ATR_LOW|FAR_MA20,65,15.03,70.13,2026-05-01 14:40:08
UPTREND,UPTREND|BOTTOM|SKIP|RSI_LOW|RS_BAD|VOL_LOW|ATR_OK|BELOW_MA20,140,50.03,69.76,2026-05-01 14:40:08
UPTREND,UPTREND|BOTTOM_WATCH|SKIP|RSI_MID_HIGH|RS_WEAK|VOL_LOW|ATR_LOW|BELOW_MA20,21,5.06,69.38,2026-05-01 14:40:08
UPTREND,UPTREND|MOMENTUM|SKIP|RSI_MID_HIGH|RS_OK|VOL_LOW|ATR_LOW|ABOVE_MA20,64,17.25,69.37,2026-05-01 14:40:08
UPTREND,UPTREND|MOMENTUM|WAIT|RSI_MID_HIGH|RS_OK|VOL_OK|ATR_LOW|ABOVE_MA20,50,11.33,69.09,2026-05-01 14:40:08
UPTREND,UPTREND|BOTTOM_WATCH|SKIP|RSI_WEAK|RS_BAD|VOL_STRONG|ATR_LOW|BELOW_MA20,162,40.97,68.89,2026-05-01 14:40:08
UPTREND,UPTREND|BOTTOM_WATCH|SKIP|RSI_WEAK|RS_BAD|VOL_LOW|ATR_HIGH|BELOW_MA20,18,7.74,68.54,2026-05-01 14:40:08
UPTREND,UPTREND|MOMENTUM|WAIT|RSI_MID_HIGH|RS_STRONG|VOL_OK|ATR_LOW|ABOVE_MA20,14,3.86,67.96,2026-05-01 14:40:08
UPTREND,UPTREND|BOTTOM|SKIP|RSI_WEAK|RS_BAD|VOL_LOW|ATR_OK|BELOW_MA20,17,4.71,67.95,2026-05-01 14:40:08
UPTREND,UPTREND|MOMENTUM|BUY NOW|RSI_MID_HIGH|RS_STRONG|VOL_STRONG|ATR_LOW|ABOVE_MA20,46,11.06,67.8,2026-05-01 14:40:08
UPTREND,UPTREND|MOMENTUM|SKIP|RSI_HIGH|RS_STRONG|VOL_STRONG|ATR_LOW|FAR_MA20,25,5.02,67.75,2026-05-01 14:40:08
UPTREND,UPTREND|MOMENTUM|WATCHLIST|RSI_HIGH|RS_STRONG|VOL_STRONG|ATR_LOW|FAR_MA20,28,6.4,67.45,2026-05-01 14:40:08
UPTREND,UPTREND|BOTTOM_WATCH|SKIP|RSI_WEAK|RS_BAD|VOL_OK|ATR_OK|BELOW_MA20,11,3.04,67.4,2026-05-01 14:40:08
UPTREND,UPTREND|MOMENTUM|WAIT|RSI_MID_HIGH|RS_STRONG|VOL_LOW|ATR_OK|ABOVE_MA20,13,3.04,67.4,2026-05-01 14:40:08
UPTREND,UPTREND|BOTTOM_WATCH|SKIP|RSI_WEAK|RS_BAD|VOL_STRONG|ATR_OK|BELOW_MA20,16,4.37,67.31,2026-05-01 14:40:08
UPTREND,UPTREND|MOMENTUM_WATCH|WAIT|RSI_HIGH|RS_STRONG|VOL_LOW|ATR_LOW|FAR_MA20,11,2.96,67.15,2026-05-01 14:40:08
UPTREND,UPTREND|BOTTOM_WATCH|SKIP|RSI_LOW|RS_BAD|VOL_LOW|ATR_HIGH|BELOW_MA20,8,2.94,67.09,2026-05-01 14:40:08
UPTREND,UPTREND|BOTTOM_WATCH|SKIP|RSI_WEAK|RS_BAD|VOL_OK|ATR_LOW|BELOW_MA20,227,58.97,66.18,2026-05-01 14:40:08
UPTREND,UPTREND|MOMENTUM|WAIT|RSI_MID_HIGH|RS_OK|VOL_LOW|ATR_LOW|ABOVE_MA20,58,14.0,66.17,2026-05-01 14:40:08
UPTREND,UPTREND|BOTTOM|SKIP|RSI_MID|RS_BAD|VOL_LOW|ATR_LOW|ABOVE_MA20,96,33.3,66.02,2026-05-01 14:40:08
UPTREND,UPTREND|MOMENTUM_WATCH|WAIT|RSI_HIGH|RS_STRONG|VOL_OK|ATR_LOW|FAR_MA20,16,4.3,65.84,2026-05-01 14:40:08
UPTREND,UPTREND|BOTTOM|SKIP|RSI_MID|RS_BAD|VOL_STRONG|ATR_LOW|BELOW_MA20,39,9.01,65.67,2026-05-01 14:40:08
UPTREND,UPTREND|BOTTOM|SKIP|RSI_MID_HIGH|RS_BAD|VOL_OK|ATR_LOW|ABOVE_MA20,22,7.38,65.51,2026-05-01 14:40:08
UPTREND,UPTREND|MOMENTUM|WAIT|RSI_HIGH|RS_OK|VOL_STRONG|ATR_LOW|ABOVE_MA20,59,12.36,65.07,2026-05-01 14:40:08
UPTREND,UPTREND|MOMENTUM|SKIP|RSI_MID_HIGH|RS_STRONG|VOL_LOW|ATR_LOW|ABOVE_MA20,28,7.46,64.88,2026-05-01 14:40:08
UPTREND,UPTREND|MOMENTUM_WATCH|SKIP|RSI_HIGH|RS_STRONG|VOL_LOW|ATR_LOW|ABOVE_MA20,12,2.82,64.87,2026-05-01 14:40:08
UPTREND,UPTREND|BOTTOM_WATCH|SKIP|RSI_MID|RS_BAD|VOL_LOW|ATR_OK|ABOVE_MA20,6,2.12,64.43,2026-05-01 14:40:08
UPTREND,UPTREND|BOTTOM|BUY NOW|RSI_MID|RS_WEAK|VOL_LOW|ATR_LOW|BELOW_MA20,54,13.02,64.42,2026-05-01 14:40:08
UPTREND,UPTREND|MOMENTUM_WATCH|SKIP|RSI_HIGH|RS_WEAK|VOL_LOW|ATR_LOW|ABOVE_MA20,13,5.07,64.35,2026-05-01 14:40:08
UPTREND,UPTREND|BOTTOM|BUY NOW|RSI_MID|RS_WEAK|VOL_OK|ATR_OK|BELOW_MA20,7,2.08,64.3,2026-05-01 14:40:08
UPTREND,UPTREND|BOTTOM|SKIP|RSI_WEAK|RS_BAD|VOL_OK|ATR_OK|BELOW_MA20,15,4.03,64.06,2026-05-01 14:40:08
UPTREND,UPTREND|MOMENTUM|WAIT|RSI_HIGH|RS_STRONG|VOL_OK|ATR_LOW|FAR_MA20,19,4.55,64.01,2026-05-01 14:40:08
UPTREND,UPTREND|BOTTOM|SKIP|RSI_LOW|RS_BAD|VOL_OK|ATR_OK|BELOW_MA20,15,4.32,64.0,2026-05-01 14:40:08
UPTREND,UPTREND|BOTTOM|SKIP|RSI_LOW|RS_BAD|VOL_STRONG|ATR_OK|BELOW_MA20,7,1.94,63.8,2026-05-01 14:40:08
UPTREND,UPTREND|BOTTOM|SKIP|RSI_LOW|RS_WEAK|VOL_LOW|ATR_OK|BELOW_MA20,12,4.04,63.54,2026-05-01 14:40:08
UPTREND,UPTREND|BOTTOM|BUY NOW|RSI_LOW|RS_WEAK|VOL_OK|ATR_OK|BELOW_MA20,6,1.83,63.39,2026-05-01 14:40:08
UPTREND,UPTREND|BOTTOM_WATCH|SKIP|RSI_MID|RS_BAD|VOL_STRONG|ATR_LOW|BELOW_MA20,27,6.76,63.26,2026-05-01 14:40:08
UPTREND,UPTREND|BOTTOM|BUY NOW|RSI_MID_HIGH|RS_OK|VOL_LOW|ATR_LOW|ABOVE_MA20,14,2.91,63.21,2026-05-01 14:40:08
UPTREND,UPTREND|MOMENTUM_WATCH|WAIT|RSI_HIGH|RS_WEAK|VOL_STRONG|ATR_LOW|ABOVE_MA20,14,3.39,63.12,2026-05-01 14:40:08
UPTREND,UPTREND|BOTTOM_WATCH|WATCHLIST|RSI_MID|RS_OK|VOL_LOW|ATR_LOW|BELOW_MA20,5,1.74,63.02,2026-05-01 14:40:08
UPTREND,UPTREND|BOTTOM|BUY NOW|RSI_LOW|RS_WEAK|VOL_LOW|ATR_LOW|BELOW_MA20,73,19.09,62.89,2026-05-01 14:40:08
UPTREND,UPTREND|MOMENTUM_WATCH|WAIT|RSI_HIGH|RS_OK|VOL_LOW|ATR_LOW|FAR_MA20,4,1.7,62.88,2026-05-01 14:40:08
UPTREND,UPTREND|MOMENTUM|SKIP|RSI_MID_HIGH|RS_BAD|VOL_STRONG|ATR_LOW|ABOVE_MA20,32,9.63,62.79,2026-05-01 14:40:08
UPTREND,UPTREND|BOTTOM_WATCH|WATCHLIST|RSI_MID|RS_BAD|VOL_STRONG|ATR_LOW|BELOW_MA20,15,3.42,62.78,2026-05-01 14:40:08
UPTREND,UPTREND|BOTTOM_WATCH|SKIP|RSI_MID_HIGH|RS_BAD|VOL_LOW|ATR_LOW|ABOVE_MA20,67,17.69,62.48,2026-05-01 14:40:08
UPTREND,UPTREND|MOMENTUM|SKIP|RSI_MID_HIGH|RS_BAD|VOL_OK|ATR_LOW|ABOVE_MA20,38,10.99,62.46,2026-05-01 14:40:08
UPTREND,UPTREND|MOMENTUM_WATCH|SKIP|RSI_HIGH|RS_STRONG|VOL_LOW|ATR_LOW|FAR_MA20,10,2.12,62.46,2026-05-01 14:40:08
UPTREND,UPTREND|MOMENTUM|BUY NOW|RSI_MID_HIGH|RS_OK|VOL_STRONG|ATR_LOW|ABOVE_MA20,206,48.99,62.44,2026-05-01 14:40:08
UPTREND,UPTREND|BOTTOM_WATCH|SKIP|RSI_MID_HIGH|RS_BAD|VOL_LOW|ATR_LOW|BELOW_MA20,117,33.19,62.4,2026-05-01 14:40:08
UPTREND,UPTREND|MOMENTUM|SKIP|RSI_HIGH|RS_STRONG|VOL_OK|ATR_LOW|FAR_MA20,10,2.09,62.35,2026-05-01 14:40:08
UPTREND,UPTREND|BOTTOM|BUY NOW|RSI_LOW|RS_WEAK|VOL_LOW|ATR_OK|BELOW_MA20,5,1.52,62.2,2026-05-01 14:40:08
UPTREND,UPTREND|MOMENTUM|BUY NOW|RSI_MID_HIGH|RS_STRONG|VOL_OK|ATR_OK|FAR_MA20,11,2.57,62.14,2026-05-01 14:40:08
UPTREND,UPTREND|BOTTOM|SKIP|RSI_MID_HIGH|RS_WEAK|VOL_LOW|ATR_LOW|ABOVE_MA20,21,5.29,62.08,2026-05-01 14:40:08
UPTREND,UPTREND|MOMENTUM|BUY NOW|RSI_MID_HIGH|RS_STRONG|VOL_OK|ATR_OK|ABOVE_MA20,7,1.46,61.95,2026-05-01 14:40:08
UPTREND,UPTREND|MOMENTUM|BUY NOW|RSI_MID_HIGH|RS_STRONG|VOL_STRONG|ATR_OK|ABOVE_MA20,5,1.46,61.94,2026-05-01 14:40:08
UPTREND,UPTREND|BOTTOM|BUY NOW|RSI_MID_HIGH|RS_WEAK|VOL_LOW|ATR_LOW|ABOVE_MA20,37,8.24,61.89,2026-05-01 14:40:08
UPTREND,UPTREND|BOTTOM_WATCH|SKIP|RSI_HIGH|RS_BAD|VOL_LOW|ATR_LOW|ABOVE_MA20,4,1.35,61.48,2026-05-01 14:40:08
UPTREND,UPTREND|BOTTOM_WATCH|SKIP|RSI_MID_HIGH|RS_BAD|VOL_OK|ATR_LOW|ABOVE_MA20,19,6.35,61.38,2026-05-01 14:40:08
UPTREND,UPTREND|MOMENTUM|WAIT|RSI_HIGH|RS_WEAK|VOL_STRONG|ATR_LOW|ABOVE_MA20,38,8.89,61.17,2026-05-01 14:40:08
UPTREND,UPTREND|BOTTOM|BUY NOW|RSI_MID_HIGH|RS_WEAK|VOL_OK|ATR_LOW|ABOVE_MA20,44,10.31,61.07,2026-05-01 14:40:08
UPTREND,UPTREND|MOMENTUM|BUY NOW|RSI_MID_HIGH|RS_STRONG|VOL_LOW|ATR_OK|ABOVE_MA20,5,1.24,61.05,2026-05-01 14:40:08
UPTREND,UPTREND|MOMENTUM|WAIT|RSI_MID_HIGH|RS_WEAK|VOL_STRONG|ATR_LOW|ABOVE_MA20,44,9.69,60.99,2026-05-01 14:40:08
UPTREND,UPTREND|BOTTOM|BUY NOW|RSI_MID|RS_WEAK|VOL_LOW|ATR_OK|ABOVE_MA20,3,1.23,60.99,2026-05-01 14:40:08
UPTREND,UPTREND|MOMENTUM_WATCH|WATCHLIST|RSI_MID|RS_WEAK|VOL_OK|ATR_LOW|ABOVE_MA20,12,3.53,60.98,2026-05-01 14:40:08
UPTREND,UPTREND|MOMENTUM_WATCH|WATCHLIST|RSI_MID_HIGH|RS_WEAK|VOL_LOW|ATR_LOW|ABOVE_MA20,148,44.45,60.94,2026-05-01 14:40:08
UPTREND,UPTREND|MOMENTUM_WATCH|SKIP|RSI_MID_HIGH|RS_OK|VOL_LOW|ATR_LOW|ABOVE_MA20,37,9.49,60.94,2026-05-01 14:40:08
UPTREND,UPTREND|MOMENTUM|BUY NOW|RSI_MID_HIGH|RS_STRONG|VOL_OK|ATR_LOW|FAR_MA20,27,7.43,60.84,2026-05-01 14:40:08
UPTREND,UPTREND|MOMENTUM_WATCH|WATCHLIST|RSI_MID_HIGH|RS_WEAK|VOL_OK|ATR_OK|ABOVE_MA20,3,1.19,60.83,2026-05-01 14:40:08
UPTREND,UPTREND|MOMENTUM_WATCH|SKIP|RSI_MID|RS_OK|VOL_LOW|ATR_LOW|ABOVE_MA20,11,3.25,60.65,2026-05-01 14:40:08
UPTREND,UPTREND|MOMENTUM|WAIT|RSI_HIGH|RS_OK|VOL_STRONG|ATR_LOW|FAR_MA20,15,3.66,60.55,2026-05-01 14:40:08
UPTREND,UPTREND|MOMENTUM_WATCH|SKIP|RSI_MID_HIGH|RS_OK|VOL_LOW|ATR_OK|ABOVE_MA20,4,1.11,60.48,2026-05-01 14:40:08
UPTREND,UPTREND|MOMENTUM|WAIT|RSI_MID_HIGH|RS_OK|VOL_STRONG|ATR_LOW|ABOVE_MA20,5,1.1,60.44,2026-05-01 14:40:08
UPTREND,UPTREND|BOTTOM|BUY NOW|RSI_LOW|RS_OK|VOL_STRONG|ATR_LOW|ABOVE_MA20,3,1.07,60.33,2026-05-01 14:40:08
UPTREND,UPTREND|BOTTOM_WATCH|SKIP|RSI_MID_HIGH|RS_BAD|VOL_OK|ATR_LOW|BELOW_MA20,10,2.07,60.29,2026-05-01 14:40:08
UPTREND,UPTREND|BOTTOM|WAIT|RSI_LOW|RS_BAD|VOL_OK|ATR_LOW|BELOW_MA20,6,1.56,60.26,2026-05-01 14:40:08
UPTREND,UPTREND|BOTTOM|SKIP|RSI_LOW|RS_OK|VOL_LOW|ATR_OK|BELOW_MA20,6,1.95,60.19,2026-05-01 14:40:08
UPTREND,UPTREND|BOTTOM|BUY NOW|RSI_LOW|RS_BAD|VOL_LOW|ATR_OK|BELOW_MA20,4,1.03,60.13,2026-05-01 14:40:08
UPTREND,UPTREND|MOMENTUM_WATCH|SKIP|RSI_MID_HIGH|RS_BAD|VOL_LOW|ATR_LOW|ABOVE_MA20,128,38.73,60.12,2026-05-01 14:40:08
UPTREND,UPTREND|MOMENTUM|WAIT|RSI_MID_HIGH|RS_OK|VOL_OK|ATR_OK|ABOVE_MA20,4,1.03,60.11,2026-05-01 14:40:08
UPTREND,UPTREND|BOTTOM|SKIP|RSI_LOW|RS_BAD|VOL_OK|ATR_HIGH|BELOW_MA20,3,1.01,60.06,2026-05-01 14:40:08
UPTREND,UPTREND|BOTTOM_WATCH|SKIP|RSI_MID|RS_BAD|VOL_LOW|ATR_LOW|ABOVE_MA20,149,49.31,59.98,2026-05-01 14:40:08
UPTREND,UPTREND|MOMENTUM_WATCH|WATCHLIST|RSI_MID_HIGH|RS_BAD|VOL_LOW|ATR_LOW|ABOVE_MA20,43,12.74,59.97,2026-05-01 14:40:08
UPTREND,UPTREND|BOTTOM|SKIP|RSI_MID|RS_OK|VOL_LOW|ATR_OK|BELOW_MA20,5,1.91,59.92,2026-05-01 14:40:08
UPTREND,UPTREND|MOMENTUM_WATCH|WATCHLIST|RSI_MID_HIGH|RS_STRONG|VOL_LOW|ATR_LOW|ABOVE_MA20,3,0.97,59.89,2026-05-01 14:40:08
UPTREND,UPTREND|BOTTOM|BUY NOW|RSI_MID_HIGH|RS_WEAK|VOL_STRONG|ATR_LOW|ABOVE_MA20,21,5.24,59.88,2026-05-01 14:40:08
UPTREND,UPTREND|MOMENTUM_WATCH|WAIT|RSI_HIGH|RS_WEAK|VOL_OK|ATR_LOW|ABOVE_MA20,15,3.46,59.86,2026-05-01 14:40:08
UPTREND,UPTREND|BOTTOM_WATCH|SKIP|RSI_LOW|RS_BAD|VOL_OK|ATR_HIGH|BELOW_MA20,3,0.97,59.85,2026-05-01 14:40:08
UPTREND,UPTREND|BOTTOM|BUY NOW|RSI_MID|RS_WEAK|VOL_OK|ATR_LOW|ABOVE_MA20,64,16.68,59.75,2026-05-01 14:40:08
UPTREND,UPTREND|MOMENTUM|SKIP|RSI_MID_HIGH|RS_OK|VOL_LOW|ATR_OK|FAR_MA20,2,0.92,59.65,2026-05-01 14:40:08
UPTREND,UPTREND|BOTTOM|BUY NOW|RSI_MID_HIGH|RS_OK|VOL_OK|ATR_LOW|ABOVE_MA20,12,2.4,59.62,2026-05-01 14:40:08
UPTREND,UPTREND|BOTTOM_WATCH|WATCHLIST|RSI_MID|RS_WEAK|VOL_OK|ATR_LOW|BELOW_MA20,7,1.4,59.57,2026-05-01 14:40:08
UPTREND,UPTREND|MOMENTUM|BUY NOW|RSI_MID_HIGH|RS_STRONG|VOL_LOW|ATR_OK|FAR_MA20,7,1.4,59.57,2026-05-01 14:40:08
UPTREND,UPTREND|MOMENTUM|WAIT|RSI_HIGH|RS_STRONG|VOL_OK|ATR_OK|FAR_MA20,6,1.55,59.56,2026-05-01 14:40:08
UPTREND,UPTREND|BOTTOM|BUY NOW|RSI_MID|RS_WEAK|VOL_LOW|ATR_LOW|ABOVE_MA20,61,14.51,59.47,2026-05-01 14:40:08
UPTREND,UPTREND|MOMENTUM|BUY NOW|RSI_MID_HIGH|RS_STRONG|VOL_STRONG|ATR_LOW|FAR_MA20,42,10.87,59.44,2026-05-01 14:40:08
UPTREND,UPTREND|WATCH|SKIP|RSI_MID_HIGH|RS_BAD|VOL_LOW|ATR_LOW|ABOVE_MA20,49,14.76,59.27,2026-05-01 14:40:08
UPTREND,UPTREND|BOTTOM|SKIP|RSI_LOW|RS_OK|VOL_LOW|ATR_LOW|BELOW_MA20,9,2.31,59.25,2026-05-01 14:40:08
UPTREND,UPTREND|BOTTOM|BUY NOW|RSI_MID|RS_OK|VOL_LOW|ATR_OK|BELOW_MA20,5,1.32,59.25,2026-05-01 14:40:08
UPTREND,UPTREND|BOTTOM|BUY NOW|RSI_MID_HIGH|RS_BAD|VOL_OK|ATR_LOW|ABOVE_MA20,2,0.82,59.16,2026-05-01 14:40:08
UPTREND,UPTREND|BOTTOM|SKIP|RSI_MID_HIGH|RS_WEAK|VOL_LOW|ATR_LOW|BELOW_MA20,2,0.82,59.16,2026-05-01 14:40:08
UPTREND,UPTREND|MOMENTUM_WATCH|SKIP|RSI_HIGH|RS_STRONG|VOL_OK|ATR_LOW|FAR_MA20,4,0.81,59.15,2026-05-01 14:40:08
UPTREND,UPTREND|MOMENTUM|SKIP|RSI_HIGH|RS_STRONG|VOL_LOW|ATR_LOW|ABOVE_MA20,4,0.81,59.15,2026-05-01 14:40:08
UPTREND,UPTREND|MOMENTUM|WATCHLIST|RSI_HIGH|RS_OK|VOL_LOW|ATR_LOW|ABOVE_MA20,2,0.8,59.1,2026-05-01 14:40:08
UPTREND,UPTREND|MOMENTUM_WATCH|WAIT|RSI_HIGH|RS_STRONG|VOL_LOW|ATR_LOW|ABOVE_MA20,4,0.8,59.09,2026-05-01 14:40:08
UPTREND,UPTREND|MOMENTUM_WATCH|WAIT|RSI_HIGH|RS_STRONG|VOL_OK|ATR_OK|FAR_MA20,4,0.8,59.09,2026-05-01 14:40:08
UPTREND,UPTREND|MOMENTUM|BUY NOW|RSI_MID_HIGH|RS_OK|VOL_OK|ATR_LOW|ABOVE_MA20,145,36.38,58.97,2026-05-01 14:40:08
UPTREND,UPTREND|MOMENTUM_WATCH|WATCHLIST|RSI_MID_HIGH|RS_OK|VOL_LOW|ATR_OK|ABOVE_MA20,3,0.76,58.92,2026-05-01 14:40:08
UPTREND,UPTREND|MOMENTUM_WATCH|SKIP|RSI_MID|RS_STRONG|VOL_LOW|ATR_OK|ABOVE_MA20,3,0.76,58.91,2026-05-01 14:40:08
UPTREND,UPTREND|BOTTOM_WATCH|SKIP|RSI_MID|RS_OK|VOL_LOW|ATR_LOW|ABOVE_MA20,11,2.22,58.89,2026-05-01 14:40:08
UPTREND,UPTREND|MOMENTUM|WAIT|RSI_HIGH|RS_STRONG|VOL_STRONG|ATR_OK|FAR_MA20,3,0.74,58.83,2026-05-01 14:40:08
UPTREND,UPTREND|MOMENTUM_WATCH|SKIP|RSI_MID_HIGH|RS_BAD|VOL_OK|ATR_LOW|ABOVE_MA20,22,6.94,58.82,2026-05-01 14:40:08
UPTREND,UPTREND|MOMENTUM|SKIP|RSI_MID_HIGH|RS_STRONG|VOL_LOW|ATR_LOW|FAR_MA20,4,1.21,58.75,2026-05-01 14:40:08
UPTREND,UPTREND|BOTTOM_WATCH|SKIP|RSI_MID|RS_OK|VOL_LOW|ATR_HIGH|BELOW_MA20,2,0.72,58.69,2026-05-01 14:40:08
UPTREND,UPTREND|BOTTOM|BUY NOW|RSI_MID|RS_OK|VOL_LOW|ATR_OK|ABOVE_MA20,2,0.7,58.63,2026-05-01 14:40:08
UPTREND,UPTREND|BOTTOM|BUY NOW|RSI_MID_HIGH|RS_OK|VOL_STRONG|ATR_OK|BELOW_MA20,2,0.7,58.62,2026-05-01 14:40:08
UPTREND,UPTREND|BOTTOM_WATCH|WATCHLIST|RSI_MID_HIGH|RS_WEAK|VOL_LOW|ATR_LOW|BELOW_MA20,3,0.69,58.59,2026-05-01 14:40:08
UPTREND,UPTREND|BOTTOM|BUY NOW|RSI_MID|RS_OK|VOL_OK|ATR_OK|BELOW_MA20,3,0.69,58.59,2026-05-01 14:40:08
UPTREND,UPTREND|MOMENTUM_WATCH|WAIT|RSI_HIGH|RS_OK|VOL_STRONG|ATR_LOW|ABOVE_MA20,4,1.17,58.58,2026-05-01 14:40:08
UPTREND,UPTREND|MOMENTUM|BUY NOW|RSI_MID_HIGH|RS_OK|VOL_OK|ATR_OK|ABOVE_MA20,5,1.17,58.58,2026-05-01 14:40:08
UPTREND,UPTREND|BOTTOM_WATCH|SKIP|RSI_MID|RS_WEAK|VOL_LOW|ATR_OK|BELOW_MA20,7,1.66,58.57,2026-05-01 14:40:08
UPTREND,UPTREND|MOMENTUM|WAIT|RSI_MID_HIGH|RS_WEAK|VOL_OK|ATR_OK|ABOVE_MA20,2,0.68,58.53,2026-05-01 14:40:08
UPTREND,UPTREND|MOMENTUM|WAIT|RSI_MID_HIGH|RS_STRONG|VOL_OK|ATR_OK|ABOVE_MA20,6,1.44,58.52,2026-05-01 14:40:08
UPTREND,UPTREND|MOMENTUM_WATCH|WATCHLIST|RSI_MID_HIGH|RS_OK|VOL_OK|ATR_LOW|ABOVE_MA20,9,2.58,58.51,2026-05-01 14:40:08
UPTREND,UPTREND|MOMENTUM_WATCH|SKIP|RSI_MID_HIGH|RS_BAD|VOL_STRONG|ATR_LOW|BELOW_MA20,3,0.67,58.5,2026-05-01 14:40:08
UPTREND,UPTREND|MOMENTUM|WAIT|RSI_HIGH|RS_OK|VOL_OK|ATR_LOW|ABOVE_MA20,17,3.66,58.45,2026-05-01 14:40:08
UPTREND,UPTREND|BOTTOM|BUY NOW|RSI_MID|RS_OK|VOL_OK|ATR_LOW|BELOW_MA20,3,0.66,58.44,2026-05-01 14:40:08
UPTREND,UPTREND|BOTTOM_WATCH|WATCHLIST|RSI_MID|RS_WEAK|VOL_LOW|ATR_OK|BELOW_MA20,2,0.65,58.4,2026-05-01 14:40:08
UPTREND,UPTREND|BOTTOM_WATCH|SKIP|RSI_MID_HIGH|RS_WEAK|VOL_LOW|ATR_OK|ABOVE_MA20,2,0.65,58.36,2026-05-01 14:40:08
UPTREND,UPTREND|BOTTOM_WATCH|WAIT|RSI_HIGH|RS_BAD|VOL_LOW|ATR_LOW|ABOVE_MA20,2,0.65,58.36,2026-05-01 14:40:08
UPTREND,UPTREND|BOTTOM|SKIP|RSI_LOW|RS_WEAK|VOL_LOW|ATR_LOW|BELOW_MA20,132,32.97,58.35,2026-05-01 14:40:08
UPTREND,UPTREND|MOMENTUM|WAIT|RSI_MID|RS_WEAK|VOL_STRONG|ATR_LOW|ABOVE_MA20,8,1.6,58.33,2026-05-01 14:40:08
UPTREND,UPTREND|MOMENTUM_WATCH|WATCHLIST|RSI_MID|RS_OK|VOL_STRONG|ATR_LOW|ABOVE_MA20,3,0.62,58.25,2026-05-01 14:40:08
UPTREND,UPTREND|MOMENTUM|SKIP|RSI_MID_HIGH|RS_OK|VOL_LOW|ATR_OK|ABOVE_MA20,5,1.58,58.23,2026-05-01 14:40:08
UPTREND,UPTREND|MOMENTUM_WATCH|SKIP|RSI_HIGH|RS_OK|VOL_LOW|ATR_LOW|FAR_MA20,1,0.62,58.22,2026-05-01 14:40:08
UPTREND,UPTREND|BOTTOM_WATCH|SKIP|RSI_MID|RS_WEAK|VOL_LOW|ATR_LOW|BELOW_MA20,89,20.1,58.18,2026-05-01 14:40:08
UPTREND,UPTREND|BOTTOM_WATCH|WAIT|RSI_HIGH|RS_STRONG|VOL_LOW|ATR_LOW|FAR_MA20,3,0.6,58.14,2026-05-01 14:40:08
UPTREND,UPTREND|MOMENTUM_WATCH|SKIP|RSI_MID_HIGH|RS_BAD|VOL_OK|ATR_LOW|BELOW_MA20,3,0.6,58.14,2026-05-01 14:40:08
UPTREND,UPTREND|MOMENTUM|WATCHLIST|RSI_HIGH|RS_STRONG|VOL_STRONG|ATR_OK|FAR_MA20,3,0.6,58.14,2026-05-01 14:40:08
UPTREND,UPTREND|MOMENTUM|BUY NOW|RSI_MID_HIGH|RS_STRONG|VOL_LOW|ATR_LOW|FAR_MA20,9,3.01,58.13,2026-05-01 14:40:08
UPTREND,UPTREND|BOTTOM|BUY NOW|RSI_MID_HIGH|RS_WEAK|VOL_STRONG|ATR_LOW|BELOW_MA20,5,1.07,58.12,2026-05-01 14:40:08
UPTREND,UPTREND|MOMENTUM_WATCH|WAIT|RSI_HIGH|RS_OK|VOL_OK|ATR_LOW|FAR_MA20,3,1.06,58.06,2026-05-01 14:40:08
UPTREND,UPTREND|MOMENTUM|BUY NOW|RSI_MID|RS_STRONG|VOL_STRONG|ATR_OK|ABOVE_MA20,2,0.58,58.04,2026-05-01 14:40:08
UPTREND,UPTREND|BOTTOM|SKIP|RSI_LOW|RS_BAD|VOL_STRONG|ATR_LOW|BELOW_MA20,267,66.59,58.02,2026-05-01 14:40:08
UPTREND,UPTREND|BOTTOM_WATCH|SKIP|RSI_MID|RS_BAD|VOL_LOW|ATR_LOW|BELOW_MA20,559,143.43,58.0,2026-05-01 14:40:08
UPTREND,UPTREND|BOTTOM|WAIT|RSI_MID|RS_BAD|VOL_LOW|ATR_LOW|ABOVE_MA20,1,0.56,57.95,2026-05-01 14:40:08
UPTREND,UPTREND|BOTTOM|SKIP|RSI_MID|RS_BAD|VOL_LOW|ATR_LOW|BELOW_MA20,471,124.05,57.86,2026-05-01 14:40:08
UPTREND,UPTREND|BOTTOM_WATCH|WATCHLIST|RSI_MID|RS_BAD|VOL_OK|ATR_LOW|ABOVE_MA20,42,10.48,57.81,2026-05-01 14:40:08
UPTREND,UPTREND|BOTTOM|SKIP|RSI_LOW|RS_BAD|VOL_STRONG|ATR_LOW|ABOVE_MA20,5,1.0,57.78,2026-05-01 14:40:08
UPTREND,UPTREND|MOMENTUM|SKIP|RSI_HIGH|RS_OK|VOL_STRONG|ATR_LOW|FAR_MA20,5,1.0,57.78,2026-05-01 14:40:08
UPTREND,UPTREND|MOMENTUM|WAIT|RSI_MID|RS_OK|VOL_OK|ATR_LOW|ABOVE_MA20,5,1.0,57.78,2026-05-01 14:40:08
UPTREND,UPTREND|BOTTOM|SKIP|RSI_MID|RS_STRONG|VOL_LOW|ATR_OK|ABOVE_MA20,2,0.52,57.76,2026-05-01 14:40:08
UPTREND,UPTREND|MOMENTUM_WATCH|SKIP|RSI_LOW|RS_BAD|VOL_LOW|ATR_LOW|ABOVE_MA20,1,0.52,57.76,2026-05-01 14:40:08
UPTREND,UPTREND|BOTTOM|SKIP|RSI_LOW|RS_OK|VOL_LOW|ATR_LOW|ABOVE_MA20,8,2.45,57.74,2026-05-01 14:40:08
UPTREND,UPTREND|MOMENTUM_WATCH|SKIP|RSI_HIGH|RS_BAD|VOL_STRONG|ATR_LOW|ABOVE_MA20,1,0.51,57.71,2026-05-01 14:40:08
UPTREND,UPTREND|MOMENTUM|SKIP|RSI_MID_HIGH|RS_BAD|VOL_LOW|ATR_OK|ABOVE_MA20,1,0.51,57.71,2026-05-01 14:40:08
UPTREND,UPTREND|BOTTOM_WATCH|SKIP|RSI_MID_HIGH|RS_BAD|VOL_LOW|ATR_OK|BELOW_MA20,2,0.51,57.69,2026-05-01 14:40:08
UPTREND,UPTREND|BOTTOM_WATCH|WAIT|RSI_HIGH|RS_STRONG|VOL_LOW|ATR_OK|FAR_MA20,2,0.51,57.69,2026-05-01 14:40:08
UPTREND,UPTREND|BOTTOM_WATCH|SKIP|RSI_WEAK|RS_BAD|VOL_OK|ATR_HIGH|BELOW_MA20,1,0.5,57.65,2026-05-01 14:40:08
UPTREND,UPTREND|MOMENTUM|WATCHLIST|RSI_HIGH|RS_WEAK|VOL_OK|ATR_LOW|ABOVE_MA20,1,0.5,57.65,2026-05-01 14:40:08
UPTREND,UPTREND|MOMENTUM|WAIT|RSI_HIGH|RS_WEAK|VOL_LOW|ATR_LOW|ABOVE_MA20,3,1.05,57.64,2026-05-01 14:40:08
UPTREND,UPTREND|MOMENTUM_WATCH|SKIP|RSI_MID_HIGH|RS_BAD|VOL_STRONG|ATR_OK|BELOW_MA20,2,0.49,57.62,2026-05-01 14:40:08
UPTREND,UPTREND|BOTTOM|SKIP|RSI_LOW|RS_BAD|VOL_LOW|ATR_LOW|BELOW_MA20,2234,613.69,57.61,2026-05-01 14:40:08
UPTREND,UPTREND|MOMENTUM|BUY NOW|RSI_MID_HIGH|RS_WEAK|VOL_OK|ATR_OK|ABOVE_MA20,1,0.49,57.59,2026-05-01 14:40:08
UPTREND,UPTREND|MOMENTUM|WAIT|RSI_MID_HIGH|RS_WEAK|VOL_STRONG|ATR_LOW|FAR_MA20,2,0.48,57.57,2026-05-01 14:40:08
UPTREND,UPTREND|BOTTOM_WATCH|SKIP|RSI_MID|RS_BAD|VOL_LOW|ATR_OK|BELOW_MA20,22,7.58,57.53,2026-05-01 14:40:08
UPTREND,UPTREND|BOTTOM|BUY NOW|RSI_MID_HIGH|RS_STRONG|VOL_OK|ATR_LOW|ABOVE_MA20,2,0.47,57.52,2026-05-01 14:40:08
UPTREND,UPTREND|MOMENTUM_WATCH|WATCHLIST|RSI_MID_HIGH|RS_STRONG|VOL_LOW|ATR_OK|FAR_MA20,2,0.47,57.52,2026-05-01 14:40:08
UPTREND,UPTREND|MOMENTUM_WATCH|WATCHLIST|RSI_HIGH|RS_STRONG|VOL_LOW|ATR_LOW|FAR_MA20,2,0.46,57.45,2026-05-01 14:40:08
UPTREND,UPTREND|MOMENTUM|WAIT|RSI_MID_HIGH|RS_BAD|VOL_LOW|ATR_LOW|ABOVE_MA20,2,0.46,57.45,2026-05-01 14:40:08
UPTREND,UPTREND|MOMENTUM_WATCH|WAIT|RSI_HIGH|RS_STRONG|VOL_STRONG|ATR_OK|FAR_MA20,2,0.46,57.43,2026-05-01 14:40:08
UPTREND,UPTREND|MOMENTUM|BUY NOW|RSI_MID_HIGH|RS_OK|VOL_LOW|ATR_OK|ABOVE_MA20,2,0.45,57.4,2026-05-01 14:40:08
UPTREND,UPTREND|BOTTOM|BUY NOW|RSI_MID_HIGH|RS_WEAK|VOL_LOW|ATR_LOW|BELOW_MA20,11,2.74,57.39,2026-05-01 14:40:08
UPTREND,UPTREND|BOTTOM|SKIP|RSI_MID|RS_BAD|VOL_OK|ATR_OK|ABOVE_MA20,1,0.45,57.37,2026-05-01 14:40:08
UPTREND,UPTREND|MOMENTUM|SKIP|RSI_MID_HIGH|RS_BAD|VOL_STRONG|ATR_OK|ABOVE_MA20,1,0.45,57.37,2026-05-01 14:40:08
UPTREND,UPTREND|MOMENTUM|WAIT|RSI_MID_HIGH|RS_OK|VOL_LOW|ATR_OK|ABOVE_MA20,4,0.91,57.34,2026-05-01 14:40:08
UPTREND,UPTREND|MOMENTUM|BUY NOW|RSI_MID_HIGH|RS_STRONG|VOL_STRONG|ATR_OK|FAR_MA20,10,2.37,57.33,2026-05-01 14:40:08
UPTREND,UPTREND|WATCH|SKIP|RSI_MID|RS_BAD|VOL_LOW|ATR_LOW|ABOVE_MA20,9,3.05,57.31,2026-05-01 14:40:08
UPTREND,UPTREND|MOMENTUM|BUY NOW|RSI_MID|RS_OK|VOL_OK|ATR_LOW|ABOVE_MA20,2,0.43,57.31,2026-05-01 14:40:08
UPTREND,UPTREND|MOMENTUM|WAIT|RSI_MID|RS_OK|VOL_STRONG|ATR_LOW|ABOVE_MA20,4,0.9,57.3,2026-05-01 14:40:08
UPTREND,UPTREND|BOTTOM_WATCH|SKIP|RSI_WEAK|RS_WEAK|VOL_LOW|ATR_LOW|BELOW_MA20,9,1.83,57.29,2026-05-01 14:40:08
UPTREND,UPTREND|MOMENTUM_WATCH|SKIP|RSI_MID|RS_BAD|VOL_STRONG|ATR_OK|ABOVE_MA20,1,0.43,57.27,2026-05-01 14:40:08
UPTREND,UPTREND|MOMENTUM_WATCH|SKIP|RSI_MID|RS_BAD|VOL_OK|ATR_LOW|ABOVE_MA20,13,4.96,57.22,2026-05-01 14:40:08
UPTREND,UPTREND|BOTTOM|BUY NOW|RSI_MID_HIGH|RS_WEAK|VOL_LOW|ATR_OK|BELOW_MA20,1,0.42,57.22,2026-05-01 14:40:08
UPTREND,UPTREND|BOTTOM_WATCH|SKIP|RSI_MID_HIGH|RS_WEAK|VOL_LOW|ATR_LOW|ABOVE_MA20,62,14.37,57.19,2026-05-01 14:40:08
UPTREND,UPTREND|MOMENTUM|SKIP|RSI_MID_HIGH|RS_STRONG|VOL_LOW|ATR_OK|FAR_MA20,7,2.8,57.17,2026-05-01 14:40:08
UPTREND,UPTREND|BOTTOM|BUY NOW|RSI_LOW|RS_OK|VOL_LOW|ATR_OK|BELOW_MA20,1,0.41,57.17,2026-05-01 14:40:08
UPTREND,UPTREND|BOTTOM|BUY NOW|RSI_MID|RS_WEAK|VOL_OK|ATR_OK|ABOVE_MA20,1,0.41,57.17,2026-05-01 14:40:08
UPTREND,UPTREND|BOTTOM|SKIP|RSI_LOW|RS_WEAK|VOL_LOW|ATR_HIGH|BELOW_MA20,1,0.41,57.17,2026-05-01 14:40:08
UPTREND,UPTREND|MOMENTUM|WAIT|RSI_MID|RS_BAD|VOL_OK|ATR_LOW|ABOVE_MA20,1,0.41,57.17,2026-05-01 14:40:08
UPTREND,UPTREND|WATCH|SKIP|RSI_MID|RS_BAD|VOL_STRONG|ATR_LOW|BELOW_MA20,1,0.41,57.17,2026-05-01 14:40:08
UPTREND,UPTREND|BOTTOM_WATCH|SKIP|RSI_HIGH|RS_WEAK|VOL_STRONG|ATR_LOW|ABOVE_MA20,2,0.4,57.14,2026-05-01 14:40:08
UPTREND,UPTREND|BOTTOM_WATCH|SKIP|RSI_MID|RS_STRONG|VOL_LOW|ATR_LOW|ABOVE_MA20,2,0.4,57.14,2026-05-01 14:40:08
UPTREND,UPTREND|BOTTOM_WATCH|WAIT|RSI_HIGH|RS_STRONG|VOL_OK|ATR_OK|FAR_MA20,2,0.4,57.14,2026-05-01 14:40:08
UPTREND,UPTREND|BOTTOM_WATCH|WATCHLIST|RSI_MID_HIGH|RS_BAD|VOL_OK|ATR_LOW|BELOW_MA20,2,0.4,57.14,2026-05-01 14:40:08
UPTREND,UPTREND|BOTTOM|BUY NOW|RSI_MID_HIGH|RS_OK|VOL_LOW|ATR_OK|BELOW_MA20,2,0.4,57.14,2026-05-01 14:40:08
UPTREND,UPTREND|BOTTOM|BUY NOW|RSI_MID_HIGH|RS_STRONG|VOL_LOW|ATR_LOW|ABOVE_MA20,2,0.4,57.14,2026-05-01 14:40:08
UPTREND,UPTREND|BOTTOM|BUY NOW|RSI_MID|RS_STRONG|VOL_OK|ATR_LOW|ABOVE_MA20,2,0.4,57.14,2026-05-01 14:40:08
UPTREND,UPTREND|BOTTOM|BUY NOW|RSI_MID|RS_WEAK|VOL_LOW|ATR_OK|BELOW_MA20,2,0.4,57.14,2026-05-01 14:40:08
UPTREND,UPTREND|MOMENTUM_WATCH|SKIP|RSI_MID_HIGH|RS_BAD|VOL_LOW|ATR_OK|ABOVE_MA20,2,0.4,57.14,2026-05-01 14:40:08
UPTREND,UPTREND|MOMENTUM_WATCH|SKIP|RSI_MID|RS_BAD|VOL_LOW|ATR_OK|ABOVE_MA20,2,0.4,57.14,2026-05-01 14:40:08
UPTREND,UPTREND|MOMENTUM_WATCH|WATCHLIST|RSI_HIGH|RS_WEAK|VOL_LOW|ATR_LOW|ABOVE_MA20,2,0.4,57.14,2026-05-01 14:40:08
UPTREND,UPTREND|MOMENTUM_WATCH|WATCHLIST|RSI_MID_HIGH|RS_WEAK|VOL_LOW|ATR_LOW|BELOW_MA20,2,0.4,57.14,2026-05-01 14:40:08
UPTREND,UPTREND|MOMENTUM|WAIT|RSI_MID|RS_BAD|VOL_STRONG|ATR_LOW|ABOVE_MA20,2,0.4,57.14,2026-05-01 14:40:08
UPTREND,UPTREND|MOMENTUM|WATCHLIST|RSI_HIGH|RS_STRONG|VOL_OK|ATR_LOW|FAR_MA20,2,0.4,57.14,2026-05-01 14:40:08
UPTREND,UPTREND|MOMENTUM|WATCHLIST|RSI_HIGH|RS_STRONG|VOL_STRONG|ATR_LOW|ABOVE_MA20,2,0.4,57.14,2026-05-01 14:40:08
UPTREND,UPTREND|WATCH|SKIP|RSI_HIGH|RS_WEAK|VOL_LOW|ATR_LOW|ABOVE_MA20,2,0.4,57.14,2026-05-01 14:40:08
UPTREND,UPTREND|BOTTOM_WATCH|SKIP|RSI_MID|RS_OK|VOL_LOW|ATR_LOW|BELOW_MA20,5,1.74,57.12,2026-05-01 14:40:08
UPTREND,UPTREND|BOTTOM|SKIP|RSI_MID|RS_WEAK|VOL_LOW|ATR_LOW|ABOVE_MA20,49,11.62,57.07,2026-05-01 14:40:08
UPTREND,UPTREND|BOTTOM|SKIP|RSI_MID|RS_BAD|VOL_OK|ATR_LOW|ABOVE_MA20,65,18.82,57.04,2026-05-01 14:40:08
UPTREND,UPTREND|BOTTOM_WATCH|SKIP|RSI_WEAK|RS_BAD|VOL_STRONG|ATR_HIGH|BELOW_MA20,1,0.38,57.04,2026-05-01 14:40:08
UPTREND,UPTREND|BOTTOM_WATCH|WATCHLIST|RSI_LOW|RS_BAD|VOL_LOW|ATR_HIGH|BELOW_MA20,1,0.38,57.04,2026-05-01 14:40:08
UPTREND,UPTREND|BOTTOM|SKIP|RSI_LOW|RS_OK|VOL_OK|ATR_HIGH|BELOW_MA20,1,0.38,57.04,2026-05-01 14:40:08
UPTREND,UPTREND|BOTTOM|SKIP|RSI_LOW|RS_WEAK|VOL_OK|ATR_HIGH|BELOW_MA20,1,0.38,57.04,2026-05-01 14:40:08
UPTREND,UPTREND|BOTTOM|SKIP|RSI_MID|RS_BAD|VOL_OK|ATR_LOW|BELOW_MA20,136,35.9,57.02,2026-05-01 14:40:08
UPTREND,UPTREND|MOMENTUM_WATCH|WATCHLIST|RSI_MID|RS_STRONG|VOL_LOW|ATR_LOW|ABOVE_MA20,5,1.3,56.99,2026-05-01 14:40:08
UPTREND,UPTREND|BOTTOM_WATCH|SKIP|RSI_MID|RS_WEAK|VOL_LOW|ATR_HIGH|BELOW_MA20,1,0.37,56.99,2026-05-01 14:40:08
UPTREND,UPTREND|BOTTOM_WATCH|WATCHLIST|RSI_MID|RS_OK|VOL_LOW|ATR_HIGH|BELOW_MA20,1,0.37,56.99,2026-05-01 14:40:08
UPTREND,UPTREND|BOTTOM|BUY NOW|RSI_MID|RS_STRONG|VOL_OK|ATR_OK|ABOVE_MA20,1,0.37,56.99,2026-05-01 14:40:08
UPTREND,UPTREND|BOTTOM|SKIP|RSI_LOW|RS_OK|VOL_LOW|ATR_HIGH|BELOW_MA20,1,0.37,56.99,2026-05-01 14:40:08
UPTREND,UPTREND|BOTTOM|SKIP|RSI_MID|RS_STRONG|VOL_LOW|ATR_HIGH|BELOW_MA20,1,0.37,56.99,2026-05-01 14:40:08
UPTREND,UPTREND|MOMENTUM_WATCH|WATCHLIST|RSI_MID|RS_WEAK|VOL_LOW|ATR_LOW|ABOVE_MA20,11,3.15,56.96,2026-05-01 14:40:08
UPTREND,UPTREND|BOTTOM_WATCH|SKIP|RSI_MID_HIGH|RS_OK|VOL_LOW|ATR_OK|BELOW_MA20,1,0.36,56.95,2026-05-01 14:40:08
UPTREND,UPTREND|BOTTOM_WATCH|WATCHLIST|RSI_MID|RS_STRONG|VOL_STRONG|ATR_HIGH|BELOW_MA20,1,0.36,56.95,2026-05-01 14:40:08
UPTREND,UPTREND|BOTTOM|BUY NOW|RSI_MID|RS_WEAK|VOL_STRONG|ATR_LOW|BELOW_MA20,22,5.03,56.93,2026-05-01 14:40:08
UPTREND,UPTREND|MOMENTUM_WATCH|WATCHLIST|RSI_MID|RS_BAD|VOL_LOW|ATR_LOW|ABOVE_MA20,5,1.35,56.93,2026-05-01 14:40:08
UPTREND,UPTREND|BOTTOM_WATCH|WATCHLIST|RSI_MID|RS_STRONG|VOL_LOW|ATR_HIGH|BELOW_MA20,1,0.35,56.9,2026-05-01 14:40:08
UPTREND,UPTREND|BOTTOM|BUY NOW|RSI_LOW|RS_OK|VOL_LOW|ATR_HIGH|BELOW_MA20,1,0.35,56.9,2026-05-01 14:40:08
UPTREND,UPTREND|BOTTOM|SKIP|RSI_MID|RS_WEAK|VOL_LOW|ATR_HIGH|BELOW_MA20,1,0.35,56.9,2026-05-01 14:40:08
UPTREND,UPTREND|BOTTOM_WATCH|SKIP|RSI_MID|RS_WEAK|VOL_OK|ATR_HIGH|BELOW_MA20,1,0.35,56.86,2026-05-01 14:40:08
UPTREND,UPTREND|BOTTOM_WATCH|WATCHLIST|RSI_MID_HIGH|RS_STRONG|VOL_LOW|ATR_OK|ABOVE_MA20,1,0.35,56.86,2026-05-01 14:40:08
UPTREND,UPTREND|BOTTOM|BUY NOW|RSI_MID|RS_OK|VOL_OK|ATR_OK|ABOVE_MA20,1,0.35,56.86,2026-05-01 14:40:08
UPTREND,UPTREND|BOTTOM|BUY NOW|RSI_MID|RS_OK|VOL_STRONG|ATR_OK|ABOVE_MA20,1,0.35,56.86,2026-05-01 14:40:08
UPTREND,UPTREND|BOTTOM|SKIP|RSI_MID|RS_STRONG|VOL_LOW|ATR_OK|BELOW_MA20,1,0.35,56.86,2026-05-01 14:40:08
UPTREND,UPTREND|BOTTOM|SKIP|RSI_MID_HIGH|RS_OK|VOL_LOW|ATR_LOW|ABOVE_MA20,4,0.8,56.82,2026-05-01 14:40:08
UPTREND,UPTREND|BOTTOM|BUY NOW|RSI_MID|RS_OK|VOL_STRONG|ATR_LOW|ABOVE_MA20,6,1.52,56.8,2026-05-01 14:40:08
UPTREND,UPTREND|BOTTOM|WAIT|RSI_LOW|RS_BAD|VOL_STRONG|ATR_LOW|BELOW_MA20,6,1.26,56.78,2026-05-01 14:40:08
UPTREND,UPTREND|BOTTOM_WATCH|SKIP|RSI_MID_HIGH|RS_STRONG|VOL_LOW|ATR_HIGH|BELOW_MA20,1,0.32,56.74,2026-05-01 14:40:08
UPTREND,UPTREND|BOTTOM|BUY NOW|RSI_MID_HIGH|RS_STRONG|VOL_LOW|ATR_OK|ABOVE_MA20,1,0.32,56.74,2026-05-01 14:40:08
UPTREND,UPTREND|BOTTOM|BUY NOW|RSI_MID_HIGH|RS_STRONG|VOL_OK|ATR_OK|ABOVE_MA20,1,0.32,56.74,2026-05-01 14:40:08
UPTREND,UPTREND|BOTTOM|BUY NOW|RSI_MID_HIGH|RS_STRONG|VOL_STRONG|ATR_OK|ABOVE_MA20,1,0.32,56.74,2026-05-01 14:40:08
UPTREND,UPTREND|BOTTOM|BUY NOW|RSI_MID|RS_BAD|VOL_OK|ATR_OK|BELOW_MA20,1,0.32,56.74,2026-05-01 14:40:08
UPTREND,UPTREND|MOMENTUM_WATCH|WATCHLIST|RSI_MID_HIGH|RS_STRONG|VOL_STRONG|ATR_OK|FAR_MA20,1,0.32,56.74,2026-05-01 14:40:08
UPTREND,UPTREND|BOTTOM|SKIP|RSI_LOW|RS_BAD|VOL_LOW|ATR_HIGH|BELOW_MA20,16,6.13,56.7,2026-05-01 14:40:08
UPTREND,UPTREND|BOTTOM_WATCH|WATCHLIST|RSI_MID_HIGH|RS_WEAK|VOL_LOW|ATR_OK|ABOVE_MA20,1,0.31,56.7,2026-05-01 14:40:08
UPTREND,UPTREND|MOMENTUM_WATCH|SKIP|RSI_MID_HIGH|RS_STRONG|VOL_LOW|ATR_HIGH|ABOVE_MA20,1,0.31,56.7,2026-05-01 14:40:08
UPTREND,UPTREND|MOMENTUM|BUY NOW|RSI_MID_HIGH|RS_OK|VOL_STRONG|ATR_OK|FAR_MA20,1,0.31,56.7,2026-05-01 14:40:08
UPTREND,UPTREND|BOTTOM|SKIP|RSI_LOW|RS_STRONG|VOL_LOW|ATR_OK|BELOW_MA20,1,0.31,56.67,2026-05-01 14:40:08
UPTREND,UPTREND|MOMENTUM_WATCH|SKIP|RSI_MID_HIGH|RS_STRONG|VOL_LOW|ATR_HIGH|FAR_MA20,1,0.31,56.67,2026-05-01 14:40:08
UPTREND,UPTREND|BOTTOM_WATCH|WATCHLIST|RSI_MID_HIGH|RS_WEAK|VOL_OK|ATR_LOW|BELOW_MA20,2,0.76,56.63,2026-05-01 14:40:08
UPTREND,UPTREND|BOTTOM_WATCH|SKIP|RSI_MID|RS_BAD|VOL_STRONG|ATR_HIGH|BELOW_MA20,1,0.3,56.63,2026-05-01 14:40:08
UPTREND,UPTREND|BOTTOM_WATCH|WATCHLIST|RSI_MID|RS_BAD|VOL_OK|ATR_OK|BELOW_MA20,1,0.3,56.63,2026-05-01 14:40:08
UPTREND,UPTREND|BOTTOM_WATCH|WATCHLIST|RSI_MID|RS_BAD|VOL_STRONG|ATR_OK|BELOW_MA20,1,0.3,56.63,2026-05-01 14:40:08
UPTREND,UPTREND|MOMENTUM_WATCH|SKIP|RSI_MID_HIGH|RS_OK|VOL_LOW|ATR_HIGH|ABOVE_MA20,1,0.3,56.63,2026-05-01 14:40:08
UPTREND,UPTREND|WATCH|SKIP|RSI_MID_HIGH|RS_BAD|VOL_OK|ATR_LOW|ABOVE_MA20,10,3.31,56.61,2026-05-01 14:40:08
UPTREND,UPTREND|BOTTOM_WATCH|WATCHLIST|RSI_MID_HIGH|RS_BAD|VOL_STRONG|ATR_LOW|ABOVE_MA20,11,2.6,56.6,2026-05-01 14:40:08
UPTREND,UPTREND|MOMENTUM|WAIT|RSI_HIGH|RS_STRONG|VOL_OK|ATR_LOW|ABOVE_MA20,6,1.22,56.6,2026-05-01 14:40:08
UPTREND,UPTREND|BOTTOM_WATCH|SKIP|RSI_MID_HIGH|RS_BAD|VOL_STRONG|ATR_HIGH|BELOW_MA20,1,0.29,56.59,2026-05-01 14:40:08
UPTREND,UPTREND|BOTTOM_WATCH|SKIP|RSI_MID_HIGH|RS_WEAK|VOL_LOW|ATR_OK|BELOW_MA20,1,0.29,56.59,2026-05-01 14:40:08
UPTREND,UPTREND|BOTTOM|BUY NOW|RSI_MID|RS_WEAK|VOL_STRONG|ATR_OK|BELOW_MA20,1,0.29,56.59,2026-05-01 14:40:08
UPTREND,UPTREND|MOMENTUM_WATCH|SKIP|RSI_MID_HIGH|RS_STRONG|VOL_STRONG|ATR_HIGH|FAR_MA20,1,0.29,56.59,2026-05-01 14:40:08
UPTREND,UPTREND|MOMENTUM_WATCH|WATCHLIST|RSI_MID_HIGH|RS_STRONG|VOL_OK|ATR_OK|ABOVE_MA20,1,0.29,56.59,2026-05-01 14:40:08
UPTREND,UPTREND|BOTTOM_WATCH|SKIP|RSI_MID_HIGH|RS_BAD|VOL_STRONG|ATR_LOW|ABOVE_MA20,6,1.2,56.52,2026-05-01 14:40:08
UPTREND,UPTREND|BOTTOM|WAIT|RSI_MID|RS_WEAK|VOL_LOW|ATR_LOW|ABOVE_MA20,32,10.09,56.51,2026-05-01 14:40:08
UPTREND,UPTREND|MOMENTUM_WATCH|SKIP|RSI_MID_HIGH|RS_STRONG|VOL_LOW|ATR_OK|FAR_MA20,1,0.27,56.49,2026-05-01 14:40:08
UPTREND,UPTREND|BOTTOM|WAIT|RSI_MID_HIGH|RS_WEAK|VOL_STRONG|ATR_LOW|ABOVE_MA20,27,7.99,56.48,2026-05-01 14:40:08
UPTREND,UPTREND|BOTTOM_WATCH|WATCHLIST|RSI_MID|RS_BAD|VOL_OK|ATR_OK|ABOVE_MA20,1,0.27,56.46,2026-05-01 14:40:08
UPTREND,UPTREND|MOMENTUM_WATCH|WATCHLIST|RSI_MID|RS_WEAK|VOL_OK|ATR_OK|ABOVE_MA20,1,0.27,56.46,2026-05-01 14:40:08
UPTREND,UPTREND|MOMENTUM|BUY NOW|RSI_MID_HIGH|RS_OK|VOL_OK|ATR_LOW|FAR_MA20,4,0.86,56.42,2026-05-01 14:40:08
UPTREND,UPTREND|MOMENTUM_WATCH|WAIT|RSI_HIGH|RS_STRONG|VOL_LOW|ATR_OK|FAR_MA20,3,0.71,56.4,2026-05-01 14:40:08
UPTREND,UPTREND|BOTTOM_WATCH|SKIP|RSI_MID|RS_BAD|VOL_STRONG|ATR_OK|BELOW_MA20,1,0.26,56.39,2026-05-01 14:40:08
UPTREND,UPTREND|BOTTOM_WATCH|SKIP|RSI_WEAK|RS_OK|VOL_LOW|ATR_LOW|BELOW_MA20,1,0.26,56.39,2026-05-01 14:40:08
UPTREND,UPTREND|WATCH|SKIP|RSI_MID_HIGH|RS_WEAK|VOL_LOW|ATR_LOW|ABOVE_MA20,90,23.23,56.38,2026-05-01 14:40:08
UPTREND,UPTREND|BOTTOM|BUY NOW|RSI_WEAK|RS_OK|VOL_STRONG|ATR_LOW|BELOW_MA20,1,0.25,56.36,2026-05-01 14:40:08
UPTREND,UPTREND|MOMENTUM_WATCH|WATCHLIST|RSI_MID_HIGH|RS_WEAK|VOL_LOW|ATR_LOW|FAR_MA20,1,0.25,56.36,2026-05-01 14:40:08
UPTREND,UPTREND|BOTTOM_WATCH|WATCHLIST|RSI_MID|RS_BAD|VOL_STRONG|ATR_LOW|ABOVE_MA20,29,6.66,56.27,2026-05-01 14:40:08
UPTREND,UPTREND|MOMENTUM|WAIT|RSI_MID|RS_STRONG|VOL_LOW|ATR_LOW|ABOVE_MA20,1,0.23,56.27,2026-05-01 14:40:08
UPTREND,UPTREND|MOMENTUM_WATCH|WATCHLIST|RSI_HIGH|RS_STRONG|VOL_OK|ATR_LOW|FAR_MA20,6,1.64,56.26,2026-05-01 14:40:08
UPTREND,UPTREND|MOMENTUM_WATCH|WATCHLIST|RSI_MID|RS_OK|VOL_LOW|ATR_OK|ABOVE_MA20,1,0.23,56.25,2026-05-01 14:40:08
UPTREND,UPTREND|MOMENTUM|WAIT|RSI_MID_HIGH|RS_WEAK|VOL_OK|ATR_LOW|FAR_MA20,1,0.23,56.25,2026-05-01 14:40:08
UPTREND,UPTREND|MOMENTUM_WATCH|WAIT|RSI_HIGH|RS_STRONG|VOL_STRONG|ATR_LOW|ABOVE_MA20,3,0.67,56.19,2026-05-01 14:40:08
UPTREND,UPTREND|BOTTOM|SKIP|RSI_MID|RS_BAD|VOL_STRONG|ATR_OK|BELOW_MA20,4,1.62,56.16,2026-05-01 14:40:08
UPTREND,UPTREND|MOMENTUM_WATCH|WATCHLIST|RSI_MID_HIGH|RS_STRONG|VOL_OK|ATR_OK|FAR_MA20,3,0.67,56.16,2026-05-01 14:40:08
UPTREND,UPTREND|BOTTOM|SKIP|RSI_LOW|RS_BAD|VOL_OK|ATR_LOW|BELOW_MA20,601,145.27,56.12,2026-05-01 14:40:08
UPTREND,UPTREND|BOTTOM|SKIP|RSI_MID|RS_WEAK|VOL_LOW|ATR_OK|ABOVE_MA20,3,1.29,56.12,2026-05-01 14:40:08
UPTREND,UPTREND|BOTTOM|BUY NOW|RSI_LOW|RS_BAD|VOL_LOW|ATR_LOW|ABOVE_MA20,14,3.32,56.11,2026-05-01 14:40:08
UPTREND,UPTREND|BOTTOM|SKIP|RSI_MID|RS_BAD|VOL_OK|ATR_OK|BELOW_MA20,7,2.71,56.11,2026-05-01 14:40:08
UPTREND,UPTREND|BOTTOM_WATCH|SKIP|RSI_HIGH|RS_STRONG|VOL_LOW|ATR_LOW|FAR_MA20,1,0.2,56.1,2026-05-01 14:40:08
UPTREND,UPTREND|BOTTOM_WATCH|SKIP|RSI_MID_HIGH|RS_BAD|VOL_STRONG|ATR_LOW|BELOW_MA20,1,0.2,56.1,2026-05-01 14:40:08
UPTREND,UPTREND|BOTTOM_WATCH|SKIP|RSI_MID_HIGH|RS_OK|VOL_LOW|ATR_HIGH|ABOVE_MA20,1,0.2,56.1,2026-05-01 14:40:08
UPTREND,UPTREND|BOTTOM_WATCH|SKIP|RSI_MID_HIGH|RS_OK|VOL_LOW|ATR_LOW|ABOVE_MA20,1,0.2,56.1,2026-05-01 14:40:08
UPTREND,UPTREND|BOTTOM_WATCH|SKIP|RSI_MID_HIGH|RS_WEAK|VOL_LOW|ATR_HIGH|ABOVE_MA20,1,0.2,56.1,2026-05-01 14:40:08
UPTREND,UPTREND|BOTTOM_WATCH|SKIP|RSI_MID|RS_OK|VOL_LOW|ATR_OK|ABOVE_MA20,1,0.2,56.1,2026-05-01 14:40:08
UPTREND,UPTREND|BOTTOM_WATCH|SKIP|RSI_MID|RS_STRONG|VOL_LOW|ATR_OK|BELOW_MA20,1,0.2,56.1,2026-05-01 14:40:08
UPTREND,UPTREND|BOTTOM_WATCH|WAIT|RSI_HIGH|RS_BAD|VOL_OK|ATR_LOW|ABOVE_MA20,1,0.2,56.1,2026-05-01 14:40:08
UPTREND,UPTREND|BOTTOM_WATCH|WAIT|RSI_HIGH|RS_STRONG|VOL_OK|ATR_LOW|FAR_MA20,1,0.2,56.1,2026-05-01 14:40:08
UPTREND,UPTREND|BOTTOM_WATCH|WATCHLIST|RSI_LOW|RS_BAD|VOL_STRONG|ATR_LOW|ABOVE_MA20,1,0.2,56.1,2026-05-01 14:40:08
UPTREND,UPTREND|BOTTOM_WATCH|WATCHLIST|RSI_WEAK|RS_BAD|VOL_OK|ATR_OK|BELOW_MA20,1,0.2,56.1,2026-05-01 14:40:08
UPTREND,UPTREND|BOTTOM|BUY NOW|RSI_LOW|RS_OK|VOL_OK|ATR_OK|BELOW_MA20,1,0.2,56.1,2026-05-01 14:40:08
UPTREND,UPTREND|BOTTOM|BUY NOW|RSI_LOW|RS_STRONG|VOL_OK|ATR_OK|BELOW_MA20,1,0.2,56.1,2026-05-01 14:40:08
UPTREND,UPTREND|BOTTOM|BUY NOW|RSI_MID_HIGH|RS_OK|VOL_LOW|ATR_LOW|BELOW_MA20,1,0.2,56.1,2026-05-01 14:40:08
UPTREND,UPTREND|BOTTOM|BUY NOW|RSI_MID|RS_OK|VOL_STRONG|ATR_OK|BELOW_MA20,1,0.2,56.1,2026-05-01 14:40:08
UPTREND,UPTREND|BOTTOM|BUY NOW|RSI_MID|RS_STRONG|VOL_LOW|ATR_LOW|ABOVE_MA20,1,0.2,56.1,2026-05-01 14:40:08
UPTREND,UPTREND|BOTTOM|BUY NOW|RSI_MID|RS_STRONG|VOL_OK|ATR_OK|BELOW_MA20,1,0.2,56.1,2026-05-01 14:40:08
UPTREND,UPTREND|BOTTOM|BUY NOW|RSI_MID|RS_STRONG|VOL_STRONG|ATR_OK|BELOW_MA20,1,0.2,56.1,2026-05-01 14:40:08
UPTREND,UPTREND|BOTTOM|BUY NOW|RSI_WEAK|RS_WEAK|VOL_LOW|ATR_LOW|ABOVE_MA20,1,0.2,56.1,2026-05-01 14:40:08
UPTREND,UPTREND|BOTTOM|SKIP|RSI_MID_HIGH|RS_STRONG|VOL_LOW|ATR_LOW|ABOVE_MA20,1,0.2,56.1,2026-05-01 14:40:08
UPTREND,UPTREND|BOTTOM|WAIT|RSI_MID|RS_BAD|VOL_OK|ATR_LOW|BELOW_MA20,1,0.2,56.1,2026-05-01 14:40:08
UPTREND,UPTREND|BOTTOM|WATCHLIST|RSI_HIGH|RS_STRONG|VOL_OK|ATR_LOW|FAR_MA20,1,0.2,56.1,2026-05-01 14:40:08
UPTREND,UPTREND|MOMENTUM_WATCH|SKIP|RSI_HIGH|RS_OK|VOL_STRONG|ATR_LOW|ABOVE_MA20,1,0.2,56.1,2026-05-01 14:40:08
UPTREND,UPTREND|MOMENTUM_WATCH|SKIP|RSI_HIGH|RS_STRONG|VOL_LOW|ATR_OK|ABOVE_MA20,1,0.2,56.1,2026-05-01 14:40:08
UPTREND,UPTREND|MOMENTUM_WATCH|SKIP|RSI_MID|RS_OK|VOL_LOW|ATR_OK|ABOVE_MA20,1,0.2,56.1,2026-05-01 14:40:08
UPTREND,UPTREND|MOMENTUM_WATCH|WAIT|RSI_HIGH|RS_BAD|VOL_STRONG|ATR_LOW|ABOVE_MA20,1,0.2,56.1,2026-05-01 14:40:08
UPTREND,UPTREND|MOMENTUM_WATCH|WAIT|RSI_HIGH|RS_STRONG|VOL_OK|ATR_LOW|ABOVE_MA20,1,0.2,56.1,2026-05-01 14:40:08
UPTREND,UPTREND|MOMENTUM_WATCH|WAIT|RSI_HIGH|RS_WEAK|VOL_STRONG|ATR_LOW|FAR_MA20,1,0.2,56.1,2026-05-01 14:40:08
UPTREND,UPTREND|MOMENTUM_WATCH|WATCHLIST|RSI_HIGH|RS_OK|VOL_STRONG|ATR_LOW|FAR_MA20,1,0.2,56.1,2026-05-01 14:40:08
UPTREND,UPTREND|MOMENTUM_WATCH|WATCHLIST|RSI_HIGH|RS_STRONG|VOL_LOW|ATR_OK|FAR_MA20,1,0.2,56.1,2026-05-01 14:40:08
UPTREND,UPTREND|MOMENTUM_WATCH|WATCHLIST|RSI_HIGH|RS_STRONG|VOL_OK|ATR_OK|FAR_MA20,1,0.2,56.1,2026-05-01 14:40:08
UPTREND,UPTREND|MOMENTUM_WATCH|WATCHLIST|RSI_HIGH|RS_WEAK|VOL_OK|ATR_LOW|ABOVE_MA20,1,0.2,56.1,2026-05-01 14:40:08
UPTREND,UPTREND|MOMENTUM_WATCH|WATCHLIST|RSI_MID_HIGH|RS_STRONG|VOL_OK|ATR_LOW|ABOVE_MA20,1,0.2,56.1,2026-05-01 14:40:08
UPTREND,UPTREND|MOMENTUM|BUY NOW|RSI_MID_HIGH|RS_OK|VOL_STRONG|ATR_OK|ABOVE_MA20,1,0.2,56.1,2026-05-01 14:40:08
UPTREND,UPTREND|MOMENTUM|BUY NOW|RSI_MID_HIGH|RS_WEAK|VOL_OK|ATR_LOW|FAR_MA20,1,0.2,56.1,2026-05-01 14:40:08
UPTREND,UPTREND|MOMENTUM|SKIP|RSI_HIGH|RS_BAD|VOL_STRONG|ATR_LOW|ABOVE_MA20,1,0.2,56.1,2026-05-01 14:40:08
UPTREND,UPTREND|MOMENTUM|SKIP|RSI_HIGH|RS_OK|VOL_LOW|ATR_LOW|ABOVE_MA20,1,0.2,56.1,2026-05-01 14:40:08
UPTREND,UPTREND|MOMENTUM|SKIP|RSI_HIGH|RS_OK|VOL_OK|ATR_LOW|ABOVE_MA20,1,0.2,56.1,2026-05-01 14:40:08
UPTREND,UPTREND|MOMENTUM|SKIP|RSI_HIGH|RS_WEAK|VOL_OK|ATR_LOW|ABOVE_MA20,1,0.2,56.1,2026-05-01 14:40:08
UPTREND,UPTREND|MOMENTUM|SKIP|RSI_HIGH|RS_WEAK|VOL_STRONG|ATR_LOW|ABOVE_MA20,1,0.2,56.1,2026-05-01 14:40:08
UPTREND,UPTREND|MOMENTUM|WAIT|RSI_HIGH|RS_BAD|VOL_OK|ATR_LOW|ABOVE_MA20,1,0.2,56.1,2026-05-01 14:40:08
UPTREND,UPTREND|MOMENTUM|WAIT|RSI_HIGH|RS_BAD|VOL_STRONG|ATR_LOW|ABOVE_MA20,1,0.2,56.1,2026-05-01 14:40:08
UPTREND,UPTREND|MOMENTUM|WAIT|RSI_HIGH|RS_STRONG|VOL_OK|ATR_OK|ABOVE_MA20,1,0.2,56.1,2026-05-01 14:40:08
UPTREND,UPTREND|MOMENTUM|WAIT|RSI_MID_HIGH|RS_OK|VOL_OK|ATR_LOW|FAR_MA20,1,0.2,56.1,2026-05-01 14:40:08
UPTREND,UPTREND|MOMENTUM|WAIT|RSI_MID_HIGH|RS_WEAK|VOL_LOW|ATR_LOW|FAR_MA20,1,0.2,56.1,2026-05-01 14:40:08
UPTREND,UPTREND|MOMENTUM|WAIT|RSI_MID|RS_OK|VOL_LOW|ATR_LOW|ABOVE_MA20,1,0.2,56.1,2026-05-01 14:40:08
UPTREND,UPTREND|WATCH|WAIT|RSI_HIGH|RS_STRONG|VOL_OK|ATR_LOW|FAR_MA20,1,0.2,56.1,2026-05-01 14:40:08
UPTREND,UPTREND|WATCH|WAIT|RSI_HIGH|RS_WEAK|VOL_LOW|ATR_LOW|ABOVE_MA20,1,0.2,56.1,2026-05-01 14:40:08
UPTREND,UPTREND|WATCH|WATCHLIST|RSI_HIGH|RS_STRONG|VOL_LOW|ATR_LOW|FAR_MA20,1,0.2,56.1,2026-05-01 14:40:08
UPTREND,UPTREND|BOTTOM_WATCH|WATCHLIST|RSI_MID|RS_WEAK|VOL_LOW|ATR_LOW|BELOW_MA20,24,6.53,56.07,2026-05-01 14:40:08
UPTREND,UPTREND|MOMENTUM|WATCHLIST|RSI_HIGH|RS_OK|VOL_STRONG|ATR_LOW|FAR_MA20,2,0.65,56.05,2026-05-01 14:40:08
UPTREND,UPTREND|BOTTOM_WATCH|WATCHLIST|RSI_MID_HIGH|RS_BAD|VOL_OK|ATR_LOW|ABOVE_MA20,16,4.52,56.03,2026-05-01 14:40:08
UPTREND,UPTREND|MOMENTUM|WAIT|RSI_MID_HIGH|RS_STRONG|VOL_LOW|ATR_LOW|ABOVE_MA20,11,2.55,55.97,2026-05-01 14:40:08
UPTREND,UPTREND|BOTTOM|BUY NOW|RSI_MID_HIGH|RS_BAD|VOL_LOW|ATR_LOW|ABOVE_MA20,4,1.11,55.89,2026-05-01 14:40:08
UPTREND,UPTREND|BOTTOM|SKIP|RSI_MID|RS_WEAK|VOL_LOW|ATR_OK|BELOW_MA20,6,1.78,55.86,2026-05-01 14:40:08
UPTREND,UPTREND|BOTTOM_WATCH|WATCHLIST|RSI_MID|RS_BAD|VOL_LOW|ATR_LOW|BELOW_MA20,36,7.4,55.85,2026-05-01 14:40:08
UPTREND,UPTREND|MOMENTUM|BUY NOW|RSI_MID_HIGH|RS_OK|VOL_LOW|ATR_LOW|ABOVE_MA20,70,19.51,55.81,2026-05-01 14:40:08
UPTREND,UPTREND|BOTTOM|BUY NOW|RSI_WEAK|RS_BAD|VOL_LOW|ATR_LOW|BELOW_MA20,3,0.6,55.81,2026-05-01 14:40:08
UPTREND,UPTREND|BOTTOM|SKIP|RSI_WEAK|RS_BAD|VOL_STRONG|ATR_OK|BELOW_MA20,3,0.6,55.81,2026-05-01 14:40:08
UPTREND,UPTREND|MOMENTUM|SKIP|RSI_HIGH|RS_STRONG|VOL_STRONG|ATR_LOW|ABOVE_MA20,3,0.6,55.81,2026-05-01 14:40:08
UPTREND,UPTREND|BOTTOM|SKIP|RSI_WEAK|RS_WEAK|VOL_LOW|ATR_LOW|BELOW_MA20,12,2.4,55.77,2026-05-01 14:40:08
UPTREND,UPTREND|BOTTOM|WAIT|RSI_MID_HIGH|RS_WEAK|VOL_OK|ATR_LOW|ABOVE_MA20,27,7.06,55.69,2026-05-01 14:40:08
UPTREND,UPTREND|MOMENTUM|WAIT|RSI_HIGH|RS_OK|VOL_OK|ATR_LOW|FAR_MA20,5,1.03,55.69,2026-05-01 14:40:08
UPTREND,UPTREND|BOTTOM_WATCH|SKIP|RSI_MID|RS_OK|VOL_LOW|ATR_OK|BELOW_MA20,3,0.94,55.69,2026-05-01 14:40:08
UPTREND,UPTREND|BOTTOM_WATCH|WATCHLIST|RSI_LOW|RS_BAD|VOL_STRONG|ATR_LOW|BELOW_MA20,6,1.73,55.67,2026-05-01 14:40:08
UPTREND,UPTREND|BOTTOM_WATCH|WATCHLIST|RSI_MID_HIGH|RS_WEAK|VOL_STRONG|ATR_LOW|ABOVE_MA20,3,0.63,55.63,2026-05-01 14:40:08
UPTREND,UPTREND|MOMENTUM_WATCH|SKIP|RSI_MID_HIGH|RS_BAD|VOL_STRONG|ATR_LOW|ABOVE_MA20,22,5.5,55.54,2026-05-01 14:40:08
UPTREND,UPTREND|BOTTOM_WATCH|WATCHLIST|RSI_MID|RS_BAD|VOL_OK|ATR_LOW|BELOW_MA20,30,7.47,55.53,2026-05-01 14:40:08
UPTREND,UPTREND|BOTTOM|BUY NOW|RSI_MID|RS_BAD|VOL_OK|ATR_LOW|ABOVE_MA20,17,4.13,55.5,2026-05-01 14:40:08
UPTREND,UPTREND|BOTTOM|SKIP|RSI_MID|RS_OK|VOL_LOW|ATR_OK|ABOVE_MA20,5,1.87,55.5,2026-05-01 14:40:08
UPTREND,UPTREND|BOTTOM|BUY NOW|RSI_LOW|RS_BAD|VOL_OK|ATR_LOW|BELOW_MA20,34,8.23,55.49,2026-05-01 14:40:08
UPTREND,UPTREND|MOMENTUM|WAIT|RSI_MID|RS_WEAK|VOL_OK|ATR_LOW|ABOVE_MA20,3,0.66,55.45,2026-05-01 14:40:08
UPTREND,UPTREND|BOTTOM|BUY NOW|RSI_MID_HIGH|RS_WEAK|VOL_OK|ATR_LOW|BELOW_MA20,7,1.4,55.32,2026-05-01 14:40:08
UPTREND,UPTREND|BOTTOM|BUY NOW|RSI_MID_HIGH|RS_OK|VOL_OK|ATR_OK|ABOVE_MA20,3,0.74,55.3,2026-05-01 14:40:08
UPTREND,UPTREND|BOTTOM_WATCH|WATCHLIST|RSI_MID|RS_WEAK|VOL_LOW|ATR_LOW|ABOVE_MA20,56,12.55,55.28,2026-05-01 14:40:08
UPTREND,UPTREND|MOMENTUM_WATCH|SKIP|RSI_MID_HIGH|RS_OK|VOL_LOW|ATR_LOW|BELOW_MA20,3,0.69,55.21,2026-05-01 14:40:08
UPTREND,UPTREND|BOTTOM|BUY NOW|RSI_LOW|RS_WEAK|VOL_STRONG|ATR_LOW|ABOVE_MA20,11,2.37,55.17,2026-05-01 14:40:08
UPTREND,UPTREND|MOMENTUM_WATCH|WATCHLIST|RSI_MID|RS_WEAK|VOL_STRONG|ATR_LOW|ABOVE_MA20,21,5.35,55.14,2026-05-01 14:40:08
UPTREND,UPTREND|BOTTOM_WATCH|WATCHLIST|RSI_MID_HIGH|RS_BAD|VOL_LOW|ATR_LOW|BELOW_MA20,9,1.8,55.1,2026-05-01 14:40:08
UPTREND,UPTREND|BOTTOM|BUY NOW|RSI_WEAK|RS_WEAK|VOL_STRONG|ATR_LOW|BELOW_MA20,2,0.46,55.06,2026-05-01 14:40:08
UPTREND,UPTREND|MOMENTUM_WATCH|WAIT|RSI_HIGH|RS_OK|VOL_OK|ATR_LOW|ABOVE_MA20,7,1.79,55.05,2026-05-01 14:40:08
UPTREND,UPTREND|BOTTOM|BUY NOW|RSI_MID|RS_OK|VOL_OK|ATR_LOW|ABOVE_MA20,9,1.91,55.04,2026-05-01 14:40:08
UPTREND,UPTREND|BOTTOM_WATCH|SKIP|RSI_LOW|RS_BAD|VOL_LOW|ATR_OK|BELOW_MA20,8,2.45,55.0,2026-05-01 14:40:08
UPTREND,UPTREND|MOMENTUM|BUY NOW|RSI_MID_HIGH|RS_WEAK|VOL_STRONG|ATR_LOW|ABOVE_MA20,327,81.43,54.91,2026-05-01 14:40:08
UPTREND,UPTREND|BOTTOM|BUY NOW|RSI_LOW|RS_OK|VOL_OK|ATR_LOW|BELOW_MA20,2,0.4,54.76,2026-05-01 14:40:08
UPTREND,UPTREND|BOTTOM|SKIP|RSI_MID|RS_BAD|VOL_STRONG|ATR_OK|ABOVE_MA20,2,0.4,54.76,2026-05-01 14:40:08
UPTREND,UPTREND|BOTTOM|SKIP|RSI_MID|RS_OK|VOL_LOW|ATR_LOW|BELOW_MA20,2,0.4,54.76,2026-05-01 14:40:08
UPTREND,UPTREND|MOMENTUM_WATCH|SKIP|RSI_MID|RS_STRONG|VOL_LOW|ATR_LOW|ABOVE_MA20,2,0.4,54.76,2026-05-01 14:40:08
UPTREND,UPTREND|MOMENTUM_WATCH|WATCHLIST|RSI_HIGH|RS_OK|VOL_OK|ATR_LOW|ABOVE_MA20,2,0.4,54.76,2026-05-01 14:40:08
UPTREND,UPTREND|MOMENTUM|SKIP|RSI_HIGH|RS_OK|VOL_STRONG|ATR_LOW|ABOVE_MA20,2,0.4,54.76,2026-05-01 14:40:08
UPTREND,UPTREND|MOMENTUM|SKIP|RSI_HIGH|RS_STRONG|VOL_OK|ATR_LOW|ABOVE_MA20,2,0.4,54.76,2026-05-01 14:40:08
UPTREND,UPTREND|BOTTOM|WAIT|RSI_LOW|RS_BAD|VOL_LOW|ATR_LOW|BELOW_MA20,25,5.7,54.74,2026-05-01 14:40:08
UPTREND,UPTREND|MOMENTUM_WATCH|SKIP|RSI_HIGH|RS_OK|VOL_LOW|ATR_LOW|ABOVE_MA20,13,2.6,54.72,2026-05-01 14:40:08
UPTREND,UPTREND|BOTTOM_WATCH|SKIP|RSI_LOW|RS_BAD|VOL_LOW|ATR_LOW|BELOW_MA20,346,84.34,54.6,2026-05-01 14:40:08
UPTREND,UPTREND|BOTTOM_WATCH|WATCHLIST|RSI_MID|RS_WEAK|VOL_STRONG|ATR_LOW|ABOVE_MA20,18,4.22,54.55,2026-05-01 14:40:08
UPTREND,UPTREND|BOTTOM_WATCH|SKIP|RSI_HIGH|RS_WEAK|VOL_LOW|ATR_LOW|ABOVE_MA20,4,0.8,54.55,2026-05-01 14:40:08
UPTREND,UPTREND|BOTTOM|BUY NOW|RSI_WEAK|RS_WEAK|VOL_LOW|ATR_LOW|BELOW_MA20,4,0.8,54.55,2026-05-01 14:40:08
UPTREND,UPTREND|MOMENTUM_WATCH|WAIT|RSI_HIGH|RS_STRONG|VOL_STRONG|ATR_LOW|FAR_MA20,4,0.8,54.55,2026-05-01 14:40:08
UPTREND,UPTREND|BOTTOM|SKIP|RSI_MID|RS_BAD|VOL_LOW|ATR_OK|BELOW_MA20,13,3.94,54.49,2026-05-01 14:40:08
UPTREND,UPTREND|MOMENTUM|BUY NOW|RSI_MID_HIGH|RS_WEAK|VOL_LOW|ATR_OK|ABOVE_MA20,2,0.95,54.47,2026-05-01 14:40:08
UPTREND,UPTREND|MOMENTUM|SKIP|RSI_MID_HIGH|RS_STRONG|VOL_LOW|ATR_OK|ABOVE_MA20,15,5.42,54.44,2026-05-01 14:40:08
UPTREND,UPTREND|MOMENTUM|SKIP|RSI_MID|RS_BAD|VOL_OK|ATR_LOW|ABOVE_MA20,4,0.82,54.44,2026-05-01 14:40:08
UPTREND,UPTREND|BOTTOM|WAIT|RSI_MID_HIGH|RS_WEAK|VOL_LOW|ATR_LOW|ABOVE_MA20,22,7.91,54.41,2026-05-01 14:40:08
UPTREND,UPTREND|MOMENTUM|BUY NOW|RSI_MID_HIGH|RS_BAD|VOL_STRONG|ATR_LOW|ABOVE_MA20,22,7.08,54.41,2026-05-01 14:40:08
UPTREND,UPTREND|MOMENTUM|BUY NOW|RSI_MID_HIGH|RS_OK|VOL_STRONG|ATR_LOW|FAR_MA20,12,2.66,54.4,2026-05-01 14:40:08
UPTREND,UPTREND|MOMENTUM|WATCHLIST|RSI_HIGH|RS_STRONG|VOL_OK|ATR_OK|FAR_MA20,2,0.46,54.4,2026-05-01 14:40:08
UPTREND,UPTREND|BOTTOM|BUY NOW|RSI_MID|RS_WEAK|VOL_OK|ATR_LOW|BELOW_MA20,45,11.61,54.34,2026-05-01 14:40:08
UPTREND,UPTREND|MOMENTUM|WAIT|RSI_MID_HIGH|RS_WEAK|VOL_OK|ATR_LOW|ABOVE_MA20,56,12.82,54.33,2026-05-01 14:40:08
UPTREND,UPTREND|MOMENTUM_WATCH|SKIP|RSI_MID|RS_BAD|VOL_STRONG|ATR_LOW|ABOVE_MA20,8,3.06,54.23,2026-05-01 14:40:08
UPTREND,UPTREND|BOTTOM_WATCH|WATCHLIST|RSI_LOW|RS_BAD|VOL_LOW|ATR_LOW|BELOW_MA20,20,4.8,54.2,2026-05-01 14:40:08
UPTREND,UPTREND|MOMENTUM|WAIT|RSI_HIGH|RS_WEAK|VOL_OK|ATR_LOW|ABOVE_MA20,13,3.99,54.17,2026-05-01 14:40:08
UPTREND,UPTREND|MOMENTUM_WATCH|SKIP|RSI_MID_HIGH|RS_BAD|VOL_LOW|ATR_LOW|BELOW_MA20,6,1.23,54.15,2026-05-01 14:40:08
UPTREND,UPTREND|BOTTOM_WATCH|SKIP|RSI_MID|RS_BAD|VOL_OK|ATR_LOW|BELOW_MA20,78,18.98,54.13,2026-05-01 14:40:08
UPTREND,UPTREND|BOTTOM_WATCH|SKIP|RSI_MID|RS_BAD|VOL_OK|ATR_OK|BELOW_MA20,4,1.19,54.13,2026-05-01 14:40:08
UPTREND,UPTREND|BOTTOM_WATCH|SKIP|RSI_MID|RS_BAD|VOL_STRONG|ATR_LOW|ABOVE_MA20,19,5.44,54.06,2026-05-01 14:40:08
UPTREND,UPTREND|BOTTOM_WATCH|SKIP|RSI_LOW|RS_WEAK|VOL_LOW|ATR_LOW|ABOVE_MA20,4,0.88,54.06,2026-05-01 14:40:08
UPTREND,UPTREND|BOTTOM|SKIP|RSI_MID|RS_WEAK|VOL_LOW|ATR_LOW|BELOW_MA20,69,19.19,53.99,2026-05-01 14:40:08
UPTREND,UPTREND|BOTTOM|SKIP|RSI_WEAK|RS_BAD|VOL_OK|ATR_LOW|BELOW_MA20,103,27.78,53.95,2026-05-01 14:40:08
UPTREND,UPTREND|BOTTOM|BUY NOW|RSI_MID_HIGH|RS_OK|VOL_LOW|ATR_OK|ABOVE_MA20,2,0.76,53.82,2026-05-01 14:40:08
UPTREND,UPTREND|BOTTOM|BUY NOW|RSI_MID|RS_BAD|VOL_LOW|ATR_LOW|ABOVE_MA20,14,2.82,53.78,2026-05-01 14:40:08
UPTREND,UPTREND|BOTTOM_WATCH|SKIP|RSI_LOW|RS_WEAK|VOL_LOW|ATR_LOW|BELOW_MA20,19,6.2,53.76,2026-05-01 14:40:08
UPTREND,UPTREND|BOTTOM_WATCH|WATCHLIST|RSI_LOW|RS_BAD|VOL_OK|ATR_LOW|ABOVE_MA20,1,0.2,53.66,2026-05-01 14:40:08
UPTREND,UPTREND|BOTTOM_WATCH|WATCHLIST|RSI_MID|RS_STRONG|VOL_LOW|ATR_LOW|BELOW_MA20,1,0.2,53.66,2026-05-01 14:40:08
UPTREND,UPTREND|BOTTOM_WATCH|WATCHLIST|RSI_MID|RS_STRONG|VOL_LOW|ATR_OK|BELOW_MA20,1,0.2,53.66,2026-05-01 14:40:08
UPTREND,UPTREND|BOTTOM|BUY NOW|RSI_LOW|RS_OK|VOL_LOW|ATR_LOW|BELOW_MA20,1,0.2,53.66,2026-05-01 14:40:08
UPTREND,UPTREND|BOTTOM|BUY NOW|RSI_LOW|RS_WEAK|VOL_LOW|ATR_OK|ABOVE_MA20,1,0.2,53.66,2026-05-01 14:40:08
UPTREND,UPTREND|BOTTOM|SKIP|RSI_MID_HIGH|RS_OK|VOL_LOW|ATR_OK|BELOW_MA20,1,0.2,53.66,2026-05-01 14:40:08
UPTREND,UPTREND|BOTTOM|SKIP|RSI_MID|RS_BAD|VOL_LOW|ATR_OK|ABOVE_MA20,1,0.2,53.66,2026-05-01 14:40:08
UPTREND,UPTREND|BOTTOM|SKIP|RSI_MID|RS_STRONG|VOL_LOW|ATR_LOW|ABOVE_MA20,1,0.2,53.66,2026-05-01 14:40:08
UPTREND,UPTREND|BOTTOM|SKIP|RSI_MID|RS_STRONG|VOL_LOW|ATR_LOW|BELOW_MA20,1,0.2,53.66,2026-05-01 14:40:08
UPTREND,UPTREND|BOTTOM|SKIP|RSI_WEAK|RS_OK|VOL_LOW|ATR_LOW|BELOW_MA20,1,0.2,53.66,2026-05-01 14:40:08
UPTREND,UPTREND|BOTTOM|WAIT|RSI_HIGH|RS_WEAK|VOL_OK|ATR_LOW|ABOVE_MA20,1,0.2,53.66,2026-05-01 14:40:08
UPTREND,UPTREND|BOTTOM|WAIT|RSI_HIGH|RS_WEAK|VOL_STRONG|ATR_LOW|ABOVE_MA20,1,0.2,53.66,2026-05-01 14:40:08
UPTREND,UPTREND|BOTTOM|WAIT|RSI_MID|RS_WEAK|VOL_OK|ATR_LOW|BELOW_MA20,1,0.2,53.66,2026-05-01 14:40:08
UPTREND,UPTREND|BOTTOM|WAIT|RSI_MID|RS_WEAK|VOL_STRONG|ATR_LOW|BELOW_MA20,1,0.2,53.66,2026-05-01 14:40:08
UPTREND,UPTREND|MOMENTUM_WATCH|SKIP|RSI_MID|RS_BAD|VOL_OK|ATR_OK|ABOVE_MA20,1,0.2,53.66,2026-05-01 14:40:08
UPTREND,UPTREND|MOMENTUM_WATCH|WATCHLIST|RSI_HIGH|RS_OK|VOL_LOW|ATR_LOW|ABOVE_MA20,1,0.2,53.66,2026-05-01 14:40:08
UPTREND,UPTREND|MOMENTUM_WATCH|WATCHLIST|RSI_MID_HIGH|RS_WEAK|VOL_OK|ATR_LOW|BELOW_MA20,1,0.2,53.66,2026-05-01 14:40:08
UPTREND,UPTREND|MOMENTUM|WATCHLIST|RSI_HIGH|RS_STRONG|VOL_OK|ATR_LOW|ABOVE_MA20,1,0.2,53.66,2026-05-01 14:40:08
UPTREND,UPTREND|BOTTOM|BUY NOW|RSI_MID_HIGH|RS_BAD|VOL_LOW|ATR_LOW|BELOW_MA20,1,0.22,53.51,2026-05-01 14:40:08
UPTREND,UPTREND|BOTTOM|WAIT|RSI_MID|RS_OK|VOL_LOW|ATR_LOW|ABOVE_MA20,3,0.6,53.49,2026-05-01 14:40:08
UPTREND,UPTREND|BOTTOM_WATCH|WATCHLIST|RSI_LOW|RS_WEAK|VOL_LOW|ATR_LOW|ABOVE_MA20,1,0.23,53.48,2026-05-01 14:40:08
UPTREND,UPTREND|BOTTOM|SKIP|RSI_MID_HIGH|RS_BAD|VOL_STRONG|ATR_LOW|ABOVE_MA20,6,2.11,53.44,2026-05-01 14:40:08
UPTREND,UPTREND|MOMENTUM_WATCH|SKIP|RSI_HIGH|RS_WEAK|VOL_LOW|ATR_LOW|FAR_MA20,1,0.23,53.44,2026-05-01 14:40:08
UPTREND,UPTREND|MOMENTUM_WATCH|WAIT|RSI_HIGH|RS_OK|VOL_LOW|ATR_LOW|ABOVE_MA20,12,2.9,53.43,2026-05-01 14:40:08
UPTREND,UPTREND|MOMENTUM_WATCH|SKIP|RSI_MID_HIGH|RS_STRONG|VOL_LOW|ATR_OK|ABOVE_MA20,10,2.59,53.41,2026-05-01 14:40:08
UPTREND,UPTREND|MOMENTUM_WATCH|WATCHLIST|RSI_MID_HIGH|RS_BAD|VOL_OK|ATR_LOW|ABOVE_MA20,33,9.53,53.38,2026-05-01 14:40:08
UPTREND,UPTREND|BOTTOM_WATCH|WATCHLIST|RSI_MID|RS_OK|VOL_LOW|ATR_LOW|ABOVE_MA20,5,1.0,53.33,2026-05-01 14:40:08
UPTREND,UPTREND|BOTTOM_WATCH|WATCHLIST|RSI_MID|RS_WEAK|VOL_STRONG|ATR_LOW|BELOW_MA20,1,0.25,53.33,2026-05-01 14:40:08
UPTREND,UPTREND|BOTTOM|BUY NOW|RSI_LOW|RS_OK|VOL_LOW|ATR_LOW|ABOVE_MA20,1,0.25,53.33,2026-05-01 14:40:08
UPTREND,UPTREND|MOMENTUM|BUY NOW|RSI_MID|RS_OK|VOL_STRONG|ATR_LOW|ABOVE_MA20,1,0.25,53.33,2026-05-01 14:40:08
UPTREND,UPTREND|BOTTOM_WATCH|WATCHLIST|RSI_MID|RS_BAD|VOL_LOW|ATR_LOW|ABOVE_MA20,20,5.67,53.31,2026-05-01 14:40:08
UPTREND,UPTREND|BOTTOM|SKIP|RSI_MID|RS_BAD|VOL_STRONG|ATR_LOW|ABOVE_MA20,23,6.82,53.3,2026-05-01 14:40:08
UPTREND,UPTREND|BOTTOM_WATCH|WATCHLIST|RSI_MID_HIGH|RS_BAD|VOL_STRONG|ATR_LOW|BELOW_MA20,1,0.27,53.22,2026-05-01 14:40:08
UPTREND,UPTREND|BOTTOM_WATCH|SKIP|RSI_MID|RS_WEAK|VOL_LOW|ATR_LOW|ABOVE_MA20,89,20.34,53.19,2026-05-01 14:40:08
UPTREND,UPTREND|MOMENTUM_WATCH|WATCHLIST|RSI_MID|RS_OK|VOL_OK|ATR_LOW|ABOVE_MA20,7,1.52,53.18,2026-05-01 14:40:08
UPTREND,UPTREND|MOMENTUM_WATCH|WAIT|RSI_HIGH|RS_BAD|VOL_LOW|ATR_LOW|ABOVE_MA20,4,1.05,53.07,2026-05-01 14:40:08
UPTREND,UPTREND|MOMENTUM_WATCH|SKIP|RSI_HIGH|RS_STRONG|VOL_LOW|ATR_OK|FAR_MA20,3,0.67,53.07,2026-05-01 14:40:08
UPTREND,UPTREND|MOMENTUM_WATCH|WAIT|RSI_HIGH|RS_WEAK|VOL_LOW|ATR_LOW|ABOVE_MA20,11,2.75,53.05,2026-05-01 14:40:08
UPTREND,UPTREND|MOMENTUM|WATCHLIST|RSI_HIGH|RS_OK|VOL_STRONG|ATR_LOW|ABOVE_MA20,11,2.68,53.05,2026-05-01 14:40:08
UPTREND,UPTREND|BOTTOM|BUY NOW|RSI_LOW|RS_WEAK|VOL_STRONG|ATR_LOW|BELOW_MA20,16,3.96,52.88,2026-05-01 14:40:08
UPTREND,UPTREND|MOMENTUM|BUY NOW|RSI_MID_HIGH|RS_STRONG|VOL_LOW|ATR_LOW|ABOVE_MA20,26,5.73,52.63,2026-05-01 14:40:08
UPTREND,UPTREND|BOTTOM|BUY NOW|RSI_LOW|RS_BAD|VOL_STRONG|ATR_LOW|ABOVE_MA20,5,1.12,52.62,2026-05-01 14:40:08
UPTREND,UPTREND|BOTTOM_WATCH|WATCHLIST|RSI_MID_HIGH|RS_OK|VOL_LOW|ATR_OK|ABOVE_MA20,1,0.36,52.62,2026-05-01 14:40:08
UPTREND,UPTREND|BOTTOM_WATCH|WATCHLIST|RSI_MID_HIGH|RS_STRONG|VOL_LOW|ATR_HIGH|BELOW_MA20,1,0.36,52.62,2026-05-01 14:40:08
UPTREND,UPTREND|BOTTOM|BUY NOW|RSI_MID|RS_BAD|VOL_LOW|ATR_OK|BELOW_MA20,1,0.36,52.62,2026-05-01 14:40:08
UPTREND,UPTREND|BOTTOM|SKIP|RSI_MID|RS_BAD|VOL_LOW|ATR_HIGH|BELOW_MA20,1,0.36,52.62,2026-05-01 14:40:08
UPTREND,UPTREND|BOTTOM_WATCH|WATCHLIST|RSI_LOW|RS_BAD|VOL_LOW|ATR_LOW|ABOVE_MA20,2,0.4,52.38,2026-05-01 14:40:08
UPTREND,UPTREND|BOTTOM|SKIP|RSI_LOW|RS_STRONG|VOL_LOW|ATR_LOW|ABOVE_MA20,2,0.4,52.38,2026-05-01 14:40:08
UPTREND,UPTREND|BOTTOM|WAIT|RSI_MID|RS_WEAK|VOL_LOW|ATR_LOW|BELOW_MA20,2,0.4,52.38,2026-05-01 14:40:08
UPTREND,UPTREND|MOMENTUM|WAIT|RSI_HIGH|RS_STRONG|VOL_LOW|ATR_LOW|ABOVE_MA20,2,0.4,52.38,2026-05-01 14:40:08
UPTREND,UPTREND|WATCH|SKIP|RSI_MID_HIGH|RS_BAD|VOL_STRONG|ATR_LOW|ABOVE_MA20,2,0.79,52.35,2026-05-01 14:40:08
UPTREND,UPTREND|BOTTOM|BUY NOW|RSI_MID|RS_OK|VOL_LOW|ATR_LOW|ABOVE_MA20,9,2.38,52.33,2026-05-01 14:40:08
UPTREND,UPTREND|MOMENTUM_WATCH|SKIP|RSI_MID_HIGH|RS_WEAK|VOL_LOW|ATR_LOW|ABOVE_MA20,106,26.53,52.32,2026-05-01 14:40:08
UPTREND,UPTREND|BOTTOM|BUY NOW|RSI_WEAK|RS_WEAK|VOL_OK|ATR_LOW|BELOW_MA20,7,1.67,52.32,2026-05-01 14:40:08
UPTREND,UPTREND|BOTTOM|BUY NOW|RSI_LOW|RS_STRONG|VOL_LOW|ATR_LOW|ABOVE_MA20,4,0.8,52.27,2026-05-01 14:40:08
UPTREND,UPTREND|BOTTOM|BUY NOW|RSI_MID|RS_OK|VOL_LOW|ATR_LOW|BELOW_MA20,4,0.8,52.27,2026-05-01 14:40:08
UPTREND,UPTREND|MOMENTUM_WATCH|SKIP|RSI_MID_HIGH|RS_STRONG|VOL_LOW|ATR_LOW|ABOVE_MA20,4,0.8,52.27,2026-05-01 14:40:08
UPTREND,UPTREND|MOMENTUM|WAIT|RSI_MID_HIGH|RS_BAD|VOL_STRONG|ATR_LOW|ABOVE_MA20,6,1.96,52.21,2026-05-01 14:40:08
UPTREND,UPTREND|MOMENTUM|WAIT|RSI_HIGH|RS_OK|VOL_LOW|ATR_LOW|ABOVE_MA20,6,1.2,52.17,2026-05-01 14:40:08
UPTREND,UPTREND|BOTTOM_WATCH|WATCHLIST|RSI_WEAK|RS_BAD|VOL_LOW|ATR_HIGH|BELOW_MA20,1,0.44,52.16,2026-05-01 14:40:08
UPTREND,UPTREND|BOTTOM_WATCH|SKIP|RSI_WEAK|RS_BAD|VOL_LOW|ATR_LOW|BELOW_MA20,718,197.59,52.06,2026-05-01 14:40:08
UPTREND,UPTREND|MOMENTUM_WATCH|WATCHLIST|RSI_MID_HIGH|RS_BAD|VOL_STRONG|ATR_LOW|ABOVE_MA20,23,5.11,52.01,2026-05-01 14:40:08
UPTREND,UPTREND|MOMENTUM_WATCH|WATCHLIST|RSI_MID_HIGH|RS_WEAK|VOL_OK|ATR_LOW|ABOVE_MA20,119,33.95,51.98,2026-05-01 14:40:08
UPTREND,UPTREND|MOMENTUM|WATCHLIST|RSI_HIGH|RS_OK|VOL_OK|ATR_LOW|ABOVE_MA20,2,0.86,51.92,2026-05-01 14:40:08
UPTREND,UPTREND|BOTTOM|SKIP|RSI_LOW|RS_WEAK|VOL_LOW|ATR_LOW|ABOVE_MA20,23,5.41,51.86,2026-05-01 14:40:08
UPTREND,UPTREND|BOTTOM|WAIT|RSI_MID|RS_BAD|VOL_LOW|ATR_LOW|BELOW_MA20,6,1.29,51.85,2026-05-01 14:40:08
UPTREND,UPTREND|MOMENTUM_WATCH|WATCHLIST|RSI_MID_HIGH|RS_BAD|VOL_OK|ATR_LOW|BELOW_MA20,4,0.87,51.84,2026-05-01 14:40:08
UPTREND,UPTREND|BOTTOM|WAIT|RSI_HIGH|RS_WEAK|VOL_LOW|ATR_LOW|ABOVE_MA20,1,0.5,51.76,2026-05-01 14:40:08
UPTREND,UPTREND|MOMENTUM_WATCH|WATCHLIST|RSI_MID|RS_BAD|VOL_OK|ATR_LOW|ABOVE_MA20,9,2.51,51.71,2026-05-01 14:40:08
UPTREND,UPTREND|BOTTOM_WATCH|WATCHLIST|RSI_WEAK|RS_WEAK|VOL_OK|ATR_LOW|BELOW_MA20,2,0.51,51.69,2026-05-01 14:40:08
UPTREND,UPTREND|BOTTOM|SKIP|RSI_WEAK|RS_BAD|VOL_STRONG|ATR_LOW|BELOW_MA20,26,7.08,51.68,2026-05-01 14:40:08
UPTREND,UPTREND|MOMENTUM_WATCH|SKIP|RSI_HIGH|RS_BAD|VOL_LOW|ATR_LOW|ABOVE_MA20,5,1.69,51.58,2026-05-01 14:40:08
UPTREND,UPTREND|BOTTOM_WATCH|SKIP|RSI_LOW|RS_BAD|VOL_LOW|ATR_LOW|ABOVE_MA20,15,5.35,51.55,2026-05-01 14:40:08
UPTREND,UPTREND|WATCH|SKIP|RSI_MID_HIGH|RS_WEAK|VOL_OK|ATR_LOW|ABOVE_MA20,5,1.7,51.52,2026-05-01 14:40:08
UPTREND,UPTREND|BOTTOM|SKIP|RSI_WEAK|RS_BAD|VOL_LOW|ATR_LOW|BELOW_MA20,91,22.66,51.48,2026-05-01 14:40:08
UPTREND,UPTREND|BOTTOM|BUY NOW|RSI_MID|RS_BAD|VOL_STRONG|ATR_LOW|ABOVE_MA20,9,2.1,51.47,2026-05-01 14:40:08
UPTREND,UPTREND|MOMENTUM|WAIT|RSI_HIGH|RS_STRONG|VOL_STRONG|ATR_LOW|ABOVE_MA20,15,3.28,51.43,2026-05-01 14:40:08
UPTREND,UPTREND|MOMENTUM_WATCH|SKIP|RSI_MID|RS_BAD|VOL_LOW|ATR_LOW|ABOVE_MA20,28,9.52,51.42,2026-05-01 14:40:08
UPTREND,UPTREND|MOMENTUM|BUY NOW|RSI_MID_HIGH|RS_WEAK|VOL_OK|ATR_LOW|ABOVE_MA20,146,42.98,51.28,2026-05-01 14:40:08
UPTREND,UPTREND|BOTTOM|SKIP|RSI_LOW|RS_BAD|VOL_LOW|ATR_LOW|ABOVE_MA20,35,8.62,51.17,2026-05-01 14:40:08
UPTREND,UPTREND|BOTTOM|SKIP|RSI_MID_HIGH|RS_BAD|VOL_LOW|ATR_LOW|BELOW_MA20,8,3.2,51.1,2026-05-01 14:40:08
UPTREND,UPTREND|MOMENTUM_WATCH|WATCHLIST|RSI_HIGH|RS_WEAK|VOL_STRONG|ATR_LOW|ABOVE_MA20,1,0.62,51.07,2026-05-01 14:40:08
UPTREND,UPTREND|MOMENTUM|WATCHLIST|RSI_HIGH|RS_WEAK|VOL_STRONG|ATR_LOW|ABOVE_MA20,7,1.8,51.01,2026-05-01 14:40:08
UPTREND,UPTREND|MOMENTUM|BUY NOW|RSI_MID_HIGH|RS_STRONG|VOL_OK|ATR_LOW|ABOVE_MA20,36,9.44,50.96,2026-05-01 14:40:08
UPTREND,UPTREND|BOTTOM_WATCH|SKIP|RSI_MID|RS_BAD|VOL_OK|ATR_LOW|ABOVE_MA20,35,9.21,50.94,2026-05-01 14:40:08
UPTREND,UPTREND|MOMENTUM_WATCH|WATCHLIST|RSI_MID|RS_BAD|VOL_STRONG|ATR_LOW|ABOVE_MA20,9,2.96,50.94,2026-05-01 14:40:08
UPTREND,UPTREND|MOMENTUM|SKIP|RSI_HIGH|RS_BAD|VOL_OK|ATR_LOW|ABOVE_MA20,2,0.65,50.89,2026-05-01 14:40:08
UPTREND,UPTREND|MOMENTUM|BUY NOW|RSI_MID_HIGH|RS_WEAK|VOL_STRONG|ATR_LOW|FAR_MA20,5,1.89,50.83,2026-05-01 14:40:08
UPTREND,UPTREND|BOTTOM|WAIT|RSI_MID|RS_WEAK|VOL_OK|ATR_LOW|ABOVE_MA20,46,10.47,50.82,2026-05-01 14:40:08
UPTREND,UPTREND|BOTTOM_WATCH|WAIT|RSI_HIGH|RS_WEAK|VOL_OK|ATR_LOW|ABOVE_MA20,5,1.05,50.81,2026-05-01 14:40:08
UPTREND,UPTREND|WATCH|SKIP|RSI_MID|RS_BAD|VOL_OK|ATR_LOW|ABOVE_MA20,1,0.68,50.72,2026-05-01 14:40:08
UPTREND,UPTREND|MOMENTUM_WATCH|SKIP|RSI_MID|RS_WEAK|VOL_LOW|ATR_LOW|ABOVE_MA20,4,1.08,50.68,2026-05-01 14:40:08
UPTREND,UPTREND|BOTTOM|BUY NOW|RSI_LOW|RS_WEAK|VOL_OK|ATR_LOW|ABOVE_MA20,28,6.15,50.39,2026-05-01 14:40:08
UPTREND,UPTREND|BOTTOM_WATCH|WATCHLIST|RSI_LOW|RS_BAD|VOL_OK|ATR_LOW|BELOW_MA20,19,4.31,50.14,2026-05-01 14:40:08
UPTREND,UPTREND|WATCH|SKIP|RSI_MID_HIGH|RS_OK|VOL_LOW|ATR_LOW|ABOVE_MA20,4,1.17,50.14,2026-05-01 14:40:08
UPTREND,UPTREND|BOTTOM|BUY NOW|RSI_LOW|RS_WEAK|VOL_OK|ATR_LOW|BELOW_MA20,60,13.68,50.13,2026-05-01 14:40:08
UPTREND,UPTREND|BOTTOM|SKIP|RSI_MID_HIGH|RS_BAD|VOL_STRONG|ATR_LOW|BELOW_MA20,2,0.79,50.07,2026-05-01 14:40:08
UPTREND,UPTREND|BOTTOM_WATCH|WATCHLIST|RSI_WEAK|RS_BAD|VOL_LOW|ATR_LOW|BELOW_MA20,9,2.0,50.01,2026-05-01 14:40:08
UPTREND,UPTREND|BOTTOM_WATCH|WATCHLIST|RSI_WEAK|RS_BAD|VOL_OK|ATR_LOW|BELOW_MA20,4,0.8,50.0,2026-05-01 14:40:08
UPTREND,UPTREND|BOTTOM|SKIP|RSI_LOW|RS_BAD|VOL_OK|ATR_LOW|ABOVE_MA20,16,3.85,49.98,2026-05-01 14:40:08
UPTREND,UPTREND|WATCH|SKIP|RSI_MID|RS_WEAK|VOL_LOW|ATR_LOW|ABOVE_MA20,4,1.22,49.91,2026-05-01 14:40:08
UPTREND,UPTREND|BOTTOM_WATCH|WATCHLIST|RSI_MID_HIGH|RS_BAD|VOL_LOW|ATR_LOW|ABOVE_MA20,20,6.13,49.75,2026-05-01 14:40:08
UPTREND,UPTREND|BOTTOM|SKIP|RSI_MID_HIGH|RS_BAD|VOL_OK|ATR_LOW|BELOW_MA20,10,3.01,49.73,2026-05-01 14:40:08
UPTREND,UPTREND|BOTTOM|BUY NOW|RSI_MID|RS_BAD|VOL_OK|ATR_LOW|BELOW_MA20,22,5.4,49.72,2026-05-01 14:40:08
UPTREND,UPTREND|BOTTOM|BUY NOW|RSI_MID|RS_STRONG|VOL_LOW|ATR_OK|ABOVE_MA20,4,1.27,49.62,2026-05-01 14:40:08
UPTREND,UPTREND|BOTTOM_WATCH|WATCHLIST|RSI_MID_HIGH|RS_WEAK|VOL_LOW|ATR_LOW|ABOVE_MA20,63,14.69,49.53,2026-05-01 14:40:08
UPTREND,UPTREND|BOTTOM|BUY NOW|RSI_LOW|RS_WEAK|VOL_LOW|ATR_LOW|ABOVE_MA20,32,7.46,49.49,2026-05-01 14:40:08
UPTREND,UPTREND|MOMENTUM|BUY NOW|RSI_MID_HIGH|RS_BAD|VOL_OK|ATR_LOW|ABOVE_MA20,26,10.25,49.31,2026-05-01 14:40:08
UPTREND,UPTREND|MOMENTUM|SKIP|RSI_MID_HIGH|RS_BAD|VOL_LOW|ATR_LOW|ABOVE_MA20,62,23.48,49.25,2026-05-01 14:40:08
UPTREND,UPTREND|BOTTOM_WATCH|WAIT|RSI_HIGH|RS_WEAK|VOL_LOW|ATR_LOW|ABOVE_MA20,9,2.22,49.06,2026-05-01 14:40:08
UPTREND,UPTREND|MOMENTUM_WATCH|WATCHLIST|RSI_MID_HIGH|RS_WEAK|VOL_STRONG|ATR_LOW|ABOVE_MA20,65,14.64,48.98,2026-05-01 14:40:08
UPTREND,UPTREND|BOTTOM_WATCH|WATCHLIST|RSI_LOW|RS_WEAK|VOL_LOW|ATR_LOW|BELOW_MA20,6,1.39,48.98,2026-05-01 14:40:08
UPTREND,UPTREND|BOTTOM_WATCH|WATCHLIST|RSI_MID|RS_WEAK|VOL_OK|ATR_LOW|ABOVE_MA20,38,7.96,48.87,2026-05-01 14:40:08
UPTREND,UPTREND|BOTTOM|BUY NOW|RSI_MID|RS_BAD|VOL_STRONG|ATR_LOW|BELOW_MA20,9,1.86,48.67,2026-05-01 14:40:08
UPTREND,UPTREND|BOTTOM|BUY NOW|RSI_LOW|RS_BAD|VOL_STRONG|ATR_LOW|BELOW_MA20,19,5.04,48.43,2026-05-01 14:40:08
UPTREND,UPTREND|MOMENTUM_WATCH|WATCHLIST|RSI_MID|RS_OK|VOL_LOW|ATR_LOW|ABOVE_MA20,6,1.52,48.34,2026-05-01 14:40:08
UPTREND,UPTREND|BOTTOM|BUY NOW|RSI_MID|RS_WEAK|VOL_STRONG|ATR_LOW|ABOVE_MA20,23,5.14,48.24,2026-05-01 14:40:08
UPTREND,UPTREND|BOTTOM|SKIP|RSI_MID|RS_OK|VOL_LOW|ATR_LOW|ABOVE_MA20,13,3.26,47.96,2026-05-01 14:40:08
UPTREND,UPTREND|BOTTOM_WATCH|SKIP|RSI_LOW|RS_BAD|VOL_OK|ATR_LOW|BELOW_MA20,44,9.6,47.75,2026-05-01 14:40:08
UPTREND,UPTREND|BOTTOM|BUY NOW|RSI_LOW|RS_BAD|VOL_LOW|ATR_LOW|BELOW_MA20,46,10.65,47.6,2026-05-01 14:40:08
UPTREND,UPTREND|BOTTOM_WATCH|SKIP|RSI_LOW|RS_BAD|VOL_STRONG|ATR_LOW|BELOW_MA20,14,3.05,47.08,2026-05-01 14:40:08
UPTREND,UPTREND|BOTTOM|BUY NOW|RSI_LOW|RS_OK|VOL_OK|ATR_LOW|ABOVE_MA20,6,1.35,47.08,2026-05-01 14:40:08
UPTREND,UPTREND|BOTTOM_WATCH|WATCHLIST|RSI_MID_HIGH|RS_WEAK|VOL_OK|ATR_LOW|ABOVE_MA20,34,8.2,47.02,2026-05-01 14:40:08
UPTREND,UPTREND|MOMENTUM|BUY NOW|RSI_MID_HIGH|RS_WEAK|VOL_LOW|ATR_LOW|ABOVE_MA20,48,15.77,46.97,2026-05-01 14:40:08
UPTREND,UPTREND|MOMENTUM|BUY NOW|RSI_MID_HIGH|RS_BAD|VOL_LOW|ATR_LOW|ABOVE_MA20,9,3.29,46.84,2026-05-01 14:40:08
UPTREND,UPTREND|BOTTOM|BUY NOW|RSI_MID|RS_BAD|VOL_LOW|ATR_LOW|BELOW_MA20,14,3.49,46.51,2026-05-01 14:40:08
UPTREND,UPTREND|BOTTOM|WAIT|RSI_MID|RS_WEAK|VOL_STRONG|ATR_LOW|ABOVE_MA20,26,6.41,45.95,2026-05-01 14:40:08
UPTREND,UPTREND|MOMENTUM_WATCH|WATCHLIST|RSI_MID_HIGH|RS_OK|VOL_LOW|ATR_LOW|ABOVE_MA20,24,6.1,45.57,2026-05-01 14:40:08
UPTREND,UPTREND|BOTTOM|SKIP|RSI_MID_HIGH|RS_BAD|VOL_LOW|ATR_LOW|ABOVE_MA20,17,6.4,45.41,2026-05-01 14:40:08
UPTREND,UPTREND|BOTTOM|BUY NOW|RSI_LOW|RS_BAD|VOL_OK|ATR_LOW|ABOVE_MA20,13,2.95,45.14,2026-05-01 14:40:08
UPTREND,UPTREND|MOMENTUM|SKIP|RSI_MID_HIGH|RS_WEAK|VOL_LOW|ATR_LOW|ABOVE_MA20,36,11.45,39.06,2026-05-01 14:40:08
UPTREND,UPTREND|MOMENTUM|WAIT|RSI_MID_HIGH|RS_WEAK|VOL_LOW|ATR_LOW|ABOVE_MA20,40,14.9,37.92,2026-05-01 14:40:08
